[{"model": "admin.logentry", "pk": 1, "fields": {"action_time": "2023-10-02T12:39:46.630Z", "user": 1, "content_type": 11, "object_id": "61", "object_repr": "Uniqueme T-Shirt Unisex (XL) (Orange)", "action_flag": 2, "change_message": "[{\"changed\": {\"fields\": [\"Color\"]}}]"}}, {"model": "admin.logentry", "pk": 2, "fields": {"action_time": "2023-10-02T12:40:00.279Z", "user": 1, "content_type": 11, "object_id": "60", "object_repr": "Uniqueme T-Shirt Unisex (L) (Orange)", "action_flag": 2, "change_message": "[{\"changed\": {\"fields\": [\"Color\"]}}]"}}, {"model": "admin.logentry", "pk": 3, "fields": {"action_time": "2023-10-02T12:40:07.457Z", "user": 1, "content_type": 11, "object_id": "59", "object_repr": "Uniqueme T-Shirt Unisex (M) (Orange)", "action_flag": 2, "change_message": "[{\"changed\": {\"fields\": [\"Color\"]}}]"}}, {"model": "admin.logentry", "pk": 4, "fields": {"action_time": "2023-10-02T12:40:14.898Z", "user": 1, "content_type": 11, "object_id": "58", "object_repr": "Uniqueme T-Shirt Unisex (S) (Orange)", "action_flag": 2, "change_message": "[{\"changed\": {\"fields\": [\"Color\"]}}]"}}, {"model": "admin.logentry", "pk": 5, "fields": {"action_time": "2023-10-02T12:58:15.090Z", "user": 1, "content_type": 13, "object_id": "3", "object_repr": "1 of Orange OR20 (8Gb + 128Gb)", "action_flag": 3, "change_message": ""}}, {"model": "admin.logentry", "pk": 6, "fields": {"action_time": "2023-10-02T12:58:15.126Z", "user": 1, "content_type": 13, "object_id": "2", "object_repr": "3 of DoLL X11 (4Gb + 64Gb) Black", "action_flag": 3, "change_message": ""}}, {"model": "admin.logentry", "pk": 7, "fields": {"action_time": "2023-10-02T12:58:15.136Z", "user": 1, "content_type": 13, "object_id": "1", "object_repr": "1 of DDICE Hoodie unisex (XL) (Blue)", "action_flag": 3, "change_message": ""}}, {"model": "admin.logentry", "pk": 8, "fields": {"action_time": "2023-10-02T12:58:22.948Z", "user": 1, "content_type": 14, "object_id": "2", "object_repr": "root", "action_flag": 3, "change_message": ""}}, {"model": "admin.logentry", "pk": 9, "fields": {"action_time": "2023-10-02T12:58:22.986Z", "user": 1, "content_type": 14, "object_id": "1", "object_repr": "root", "action_flag": 3, "change_message": ""}}, {"model": "admin.logentry", "pk": 10, "fields": {"action_time": "2023-10-03T07:23:48.954Z", "user": 1, "content_type": 4, "object_id": "3", "object_repr": "31798f963d8c48a88d1238b7565e58be", "action_flag": 3, "change_message": ""}}, {"model": "admin.logentry", "pk": 11, "fields": {"action_time": "2023-10-03T07:23:48.992Z", "user": 1, "content_type": 4, "object_id": "4", "object_repr": "5860b2f4b30349d39c2169f83f043f26", "action_flag": 3, "change_message": ""}}, {"model": "admin.logentry", "pk": 12, "fields": {"action_time": "2023-10-03T07:23:48.999Z", "user": 1, "content_type": 4, "object_id": "2", "object_repr": "7aadefbb314344709aade3940d2b21d2", "action_flag": 3, "change_message": ""}}, {"model": "admin.logentry", "pk": 13, "fields": {"action_time": "2023-10-03T07:23:49.006Z", "user": 1, "content_type": 4, "object_id": "5", "object_repr": "e1ee4f6015c448ea8bc288eaf519c327", "action_flag": 3, "change_message": ""}}, {"model": "admin.logentry", "pk": 14, "fields": {"action_time": "2023-10-03T07:23:59.671Z", "user": 1, "content_type": 13, "object_id": "6", "object_repr": "1 of DDICE Hoodie unisex (M) (Black)", "action_flag": 3, "change_message": ""}}, {"model": "admin.logentry", "pk": 15, "fields": {"action_time": "2023-10-03T07:23:59.679Z", "user": 1, "content_type": 13, "object_id": "5", "object_repr": "1 of Bluetooth Headphone Birdblue 3M (Black)", "action_flag": 3, "change_message": ""}}, {"model": "admin.logentry", "pk": 16, "fields": {"action_time": "2023-10-03T07:23:59.693Z", "user": 1, "content_type": 13, "object_id": "4", "object_repr": "3 of Desktop PC KG Designer k0 including monitor (Black)", "action_flag": 3, "change_message": ""}}, {"model": "admin.logentry", "pk": 17, "fields": {"action_time": "2023-10-03T07:24:04.979Z", "user": 1, "content_type": 14, "object_id": "3", "object_repr": "root", "action_flag": 3, "change_message": ""}}, {"model": "admin.logentry", "pk": 18, "fields": {"action_time": "2023-10-05T03:18:54.026Z", "user": 1, "content_type": 14, "object_id": "6", "object_repr": "root", "action_flag": 3, "change_message": ""}}, {"model": "auth.permission", "pk": 1, "fields": {"name": "Can add log entry", "content_type": 1, "codename": "add_logentry"}}, {"model": "auth.permission", "pk": 2, "fields": {"name": "Can change log entry", "content_type": 1, "codename": "change_logentry"}}, {"model": "auth.permission", "pk": 3, "fields": {"name": "Can delete log entry", "content_type": 1, "codename": "delete_logentry"}}, {"model": "auth.permission", "pk": 4, "fields": {"name": "Can view log entry", "content_type": 1, "codename": "view_logentry"}}, {"model": "auth.permission", "pk": 5, "fields": {"name": "Can add permission", "content_type": 2, "codename": "add_permission"}}, {"model": "auth.permission", "pk": 6, "fields": {"name": "Can change permission", "content_type": 2, "codename": "change_permission"}}, {"model": "auth.permission", "pk": 7, "fields": {"name": "Can delete permission", "content_type": 2, "codename": "delete_permission"}}, {"model": "auth.permission", "pk": 8, "fields": {"name": "Can view permission", "content_type": 2, "codename": "view_permission"}}, {"model": "auth.permission", "pk": 9, "fields": {"name": "Can add group", "content_type": 3, "codename": "add_group"}}, {"model": "auth.permission", "pk": 10, "fields": {"name": "Can change group", "content_type": 3, "codename": "change_group"}}, {"model": "auth.permission", "pk": 11, "fields": {"name": "Can delete group", "content_type": 3, "codename": "delete_group"}}, {"model": "auth.permission", "pk": 12, "fields": {"name": "Can view group", "content_type": 3, "codename": "view_group"}}, {"model": "auth.permission", "pk": 13, "fields": {"name": "Can add user", "content_type": 4, "codename": "add_user"}}, {"model": "auth.permission", "pk": 14, "fields": {"name": "Can change user", "content_type": 4, "codename": "change_user"}}, {"model": "auth.permission", "pk": 15, "fields": {"name": "Can delete user", "content_type": 4, "codename": "delete_user"}}, {"model": "auth.permission", "pk": 16, "fields": {"name": "Can view user", "content_type": 4, "codename": "view_user"}}, {"model": "auth.permission", "pk": 17, "fields": {"name": "Can add content type", "content_type": 5, "codename": "add_contenttype"}}, {"model": "auth.permission", "pk": 18, "fields": {"name": "Can change content type", "content_type": 5, "codename": "change_contenttype"}}, {"model": "auth.permission", "pk": 19, "fields": {"name": "Can delete content type", "content_type": 5, "codename": "delete_contenttype"}}, {"model": "auth.permission", "pk": 20, "fields": {"name": "Can view content type", "content_type": 5, "codename": "view_contenttype"}}, {"model": "auth.permission", "pk": 21, "fields": {"name": "Can add session", "content_type": 6, "codename": "add_session"}}, {"model": "auth.permission", "pk": 22, "fields": {"name": "Can change session", "content_type": 6, "codename": "change_session"}}, {"model": "auth.permission", "pk": 23, "fields": {"name": "Can delete session", "content_type": 6, "codename": "delete_session"}}, {"model": "auth.permission", "pk": 24, "fields": {"name": "Can view session", "content_type": 6, "codename": "view_session"}}, {"model": "auth.permission", "pk": 25, "fields": {"name": "Can add brand", "content_type": 7, "codename": "add_brand"}}, {"model": "auth.permission", "pk": 26, "fields": {"name": "Can change brand", "content_type": 7, "codename": "change_brand"}}, {"model": "auth.permission", "pk": 27, "fields": {"name": "Can delete brand", "content_type": 7, "codename": "delete_brand"}}, {"model": "auth.permission", "pk": 28, "fields": {"name": "Can view brand", "content_type": 7, "codename": "view_brand"}}, {"model": "auth.permission", "pk": 29, "fields": {"name": "Can add smartphone", "content_type": 8, "codename": "add_smartphone"}}, {"model": "auth.permission", "pk": 30, "fields": {"name": "Can change smartphone", "content_type": 8, "codename": "change_smartphone"}}, {"model": "auth.permission", "pk": 31, "fields": {"name": "Can delete smartphone", "content_type": 8, "codename": "delete_smartphone"}}, {"model": "auth.permission", "pk": 32, "fields": {"name": "Can view smartphone", "content_type": 8, "codename": "view_smartphone"}}, {"model": "auth.permission", "pk": 33, "fields": {"name": "Can add headphone", "content_type": 9, "codename": "add_headphone"}}, {"model": "auth.permission", "pk": 34, "fields": {"name": "Can change headphone", "content_type": 9, "codename": "change_headphone"}}, {"model": "auth.permission", "pk": 35, "fields": {"name": "Can delete headphone", "content_type": 9, "codename": "delete_headphone"}}, {"model": "auth.permission", "pk": 36, "fields": {"name": "Can view headphone", "content_type": 9, "codename": "view_headphone"}}, {"model": "auth.permission", "pk": 37, "fields": {"name": "Can add computer", "content_type": 10, "codename": "add_computer"}}, {"model": "auth.permission", "pk": 38, "fields": {"name": "Can change computer", "content_type": 10, "codename": "change_computer"}}, {"model": "auth.permission", "pk": 39, "fields": {"name": "Can delete computer", "content_type": 10, "codename": "delete_computer"}}, {"model": "auth.permission", "pk": 40, "fields": {"name": "Can view computer", "content_type": 10, "codename": "view_computer"}}, {"model": "auth.permission", "pk": 41, "fields": {"name": "Can add cloth", "content_type": 11, "codename": "add_cloth"}}, {"model": "auth.permission", "pk": 42, "fields": {"name": "Can change cloth", "content_type": 11, "codename": "change_cloth"}}, {"model": "auth.permission", "pk": 43, "fields": {"name": "Can delete cloth", "content_type": 11, "codename": "delete_cloth"}}, {"model": "auth.permission", "pk": 44, "fields": {"name": "Can view cloth", "content_type": 11, "codename": "view_cloth"}}, {"model": "auth.permission", "pk": 45, "fields": {"name": "Can add product item", "content_type": 12, "codename": "add_productitem"}}, {"model": "auth.permission", "pk": 46, "fields": {"name": "Can change product item", "content_type": 12, "codename": "change_productitem"}}, {"model": "auth.permission", "pk": 47, "fields": {"name": "Can delete product item", "content_type": 12, "codename": "delete_productitem"}}, {"model": "auth.permission", "pk": 48, "fields": {"name": "Can view product item", "content_type": 12, "codename": "view_productitem"}}, {"model": "auth.permission", "pk": 49, "fields": {"name": "Can add order product item", "content_type": 13, "codename": "add_orderproductitem"}}, {"model": "auth.permission", "pk": 50, "fields": {"name": "Can change order product item", "content_type": 13, "codename": "change_orderproductitem"}}, {"model": "auth.permission", "pk": 51, "fields": {"name": "Can delete order product item", "content_type": 13, "codename": "delete_orderproductitem"}}, {"model": "auth.permission", "pk": 52, "fields": {"name": "Can view order product item", "content_type": 13, "codename": "view_orderproductitem"}}, {"model": "auth.permission", "pk": 53, "fields": {"name": "Can add order", "content_type": 14, "codename": "add_order"}}, {"model": "auth.permission", "pk": 54, "fields": {"name": "Can change order", "content_type": 14, "codename": "change_order"}}, {"model": "auth.permission", "pk": 55, "fields": {"name": "Can delete order", "content_type": 14, "codename": "delete_order"}}, {"model": "auth.permission", "pk": 56, "fields": {"name": "Can view order", "content_type": 14, "codename": "view_order"}}, {"model": "auth.permission", "pk": 57, "fields": {"name": "Can add user profile", "content_type": 15, "codename": "add_userprofile"}}, {"model": "auth.permission", "pk": 58, "fields": {"name": "Can change user profile", "content_type": 15, "codename": "change_userprofile"}}, {"model": "auth.permission", "pk": 59, "fields": {"name": "Can delete user profile", "content_type": 15, "codename": "delete_userprofile"}}, {"model": "auth.permission", "pk": 60, "fields": {"name": "Can view user profile", "content_type": 15, "codename": "view_userprofile"}}, {"model": "auth.permission", "pk": 61, "fields": {"name": "Can add address", "content_type": 16, "codename": "add_address"}}, {"model": "auth.permission", "pk": 62, "fields": {"name": "Can change address", "content_type": 16, "codename": "change_address"}}, {"model": "auth.permission", "pk": 63, "fields": {"name": "Can delete address", "content_type": 16, "codename": "delete_address"}}, {"model": "auth.permission", "pk": 64, "fields": {"name": "Can view address", "content_type": 16, "codename": "view_address"}}, {"model": "auth.permission", "pk": 65, "fields": {"name": "Can add email address", "content_type": 17, "codename": "add_emailaddress"}}, {"model": "auth.permission", "pk": 66, "fields": {"name": "Can change email address", "content_type": 17, "codename": "change_emailaddress"}}, {"model": "auth.permission", "pk": 67, "fields": {"name": "Can delete email address", "content_type": 17, "codename": "delete_emailaddress"}}, {"model": "auth.permission", "pk": 68, "fields": {"name": "Can view email address", "content_type": 17, "codename": "view_emailaddress"}}, {"model": "auth.permission", "pk": 69, "fields": {"name": "Can add email confirmation", "content_type": 18, "codename": "add_emailconfirmation"}}, {"model": "auth.permission", "pk": 70, "fields": {"name": "Can change email confirmation", "content_type": 18, "codename": "change_emailconfirmation"}}, {"model": "auth.permission", "pk": 71, "fields": {"name": "Can delete email confirmation", "content_type": 18, "codename": "delete_emailconfirmation"}}, {"model": "auth.permission", "pk": 72, "fields": {"name": "Can view email confirmation", "content_type": 18, "codename": "view_emailconfirmation"}}, {"model": "auth.permission", "pk": 73, "fields": {"name": "Can add social account", "content_type": 19, "codename": "add_socialaccount"}}, {"model": "auth.permission", "pk": 74, "fields": {"name": "Can change social account", "content_type": 19, "codename": "change_socialaccount"}}, {"model": "auth.permission", "pk": 75, "fields": {"name": "Can delete social account", "content_type": 19, "codename": "delete_socialaccount"}}, {"model": "auth.permission", "pk": 76, "fields": {"name": "Can view social account", "content_type": 19, "codename": "view_socialaccount"}}, {"model": "auth.permission", "pk": 77, "fields": {"name": "Can add social application", "content_type": 20, "codename": "add_socialapp"}}, {"model": "auth.permission", "pk": 78, "fields": {"name": "Can change social application", "content_type": 20, "codename": "change_socialapp"}}, {"model": "auth.permission", "pk": 79, "fields": {"name": "Can delete social application", "content_type": 20, "codename": "delete_socialapp"}}, {"model": "auth.permission", "pk": 80, "fields": {"name": "Can view social application", "content_type": 20, "codename": "view_socialapp"}}, {"model": "auth.permission", "pk": 81, "fields": {"name": "Can add social application token", "content_type": 21, "codename": "add_socialtoken"}}, {"model": "auth.permission", "pk": 82, "fields": {"name": "Can change social application token", "content_type": 21, "codename": "change_socialtoken"}}, {"model": "auth.permission", "pk": 83, "fields": {"name": "Can delete social application token", "content_type": 21, "codename": "delete_socialtoken"}}, {"model": "auth.permission", "pk": 84, "fields": {"name": "Can view social application token", "content_type": 21, "codename": "view_socialtoken"}}, {"model": "auth.permission", "pk": 85, "fields": {"name": "Can add Guest", "content_type": 22, "codename": "add_guest"}}, {"model": "auth.permission", "pk": 86, "fields": {"name": "Can change Guest", "content_type": 22, "codename": "change_guest"}}, {"model": "auth.permission", "pk": 87, "fields": {"name": "Can delete Guest", "content_type": 22, "codename": "delete_guest"}}, {"model": "auth.permission", "pk": 88, "fields": {"name": "Can view Guest", "content_type": 22, "codename": "view_guest"}}, {"model": "auth.user", "pk": 1, "fields": {"password": "pbkdf2_sha256$600000$eiC8WEUlASDkIzN42zqR3b$UqIV7a99GqQEr4faZlsYXLY/NJYBLTYOrPI4xFnSw3c=", "last_login": "2023-10-05T03:20:33.326Z", "is_superuser": true, "username": "root", "first_name": "", "last_name": "", "email": "", "is_staff": true, "is_active": true, "date_joined": "2023-10-02T12:35:14.682Z", "groups": [], "user_permissions": []}}, {"model": "contenttypes.contenttype", "pk": 1, "fields": {"app_label": "admin", "model": "logentry"}}, {"model": "contenttypes.contenttype", "pk": 2, "fields": {"app_label": "auth", "model": "permission"}}, {"model": "contenttypes.contenttype", "pk": 3, "fields": {"app_label": "auth", "model": "group"}}, {"model": "contenttypes.contenttype", "pk": 4, "fields": {"app_label": "auth", "model": "user"}}, {"model": "contenttypes.contenttype", "pk": 5, "fields": {"app_label": "contenttypes", "model": "contenttype"}}, {"model": "contenttypes.contenttype", "pk": 6, "fields": {"app_label": "sessions", "model": "session"}}, {"model": "contenttypes.contenttype", "pk": 7, "fields": {"app_label": "products", "model": "brand"}}, {"model": "contenttypes.contenttype", "pk": 8, "fields": {"app_label": "products", "model": "smartphone"}}, {"model": "contenttypes.contenttype", "pk": 9, "fields": {"app_label": "products", "model": "headphone"}}, {"model": "contenttypes.contenttype", "pk": 10, "fields": {"app_label": "products", "model": "computer"}}, {"model": "contenttypes.contenttype", "pk": 11, "fields": {"app_label": "products", "model": "cloth"}}, {"model": "contenttypes.contenttype", "pk": 12, "fields": {"app_label": "order_manager", "model": "productitem"}}, {"model": "contenttypes.contenttype", "pk": 13, "fields": {"app_label": "order_manager", "model": "orderproductitem"}}, {"model": "contenttypes.contenttype", "pk": 14, "fields": {"app_label": "order_manager", "model": "order"}}, {"model": "contenttypes.contenttype", "pk": 15, "fields": {"app_label": "order_manager", "model": "userprofile"}}, {"model": "contenttypes.contenttype", "pk": 16, "fields": {"app_label": "order_manager", "model": "address"}}, {"model": "contenttypes.contenttype", "pk": 17, "fields": {"app_label": "account", "model": "emailaddress"}}, {"model": "contenttypes.contenttype", "pk": 18, "fields": {"app_label": "account", "model": "emailconfirmation"}}, {"model": "contenttypes.contenttype", "pk": 19, "fields": {"app_label": "socialaccount", "model": "socialaccount"}}, {"model": "contenttypes.contenttype", "pk": 20, "fields": {"app_label": "socialaccount", "model": "socialapp"}}, {"model": "contenttypes.contenttype", "pk": 21, "fields": {"app_label": "socialaccount", "model": "socialtoken"}}, {"model": "contenttypes.contenttype", "pk": 22, "fields": {"app_label": "guest_user", "model": "guest"}}, {"model": "sessions.session", "pk": "1vx9xiucs60cphnqajr8rr8lcvafywo4", "fields": {"session_data": ".eJzVnWtv4zYWhv8KYWCBDHbq6EbZ6rdN202LtTdFPIPJzm4xUGzWFmJLri6TyRT970vKl9GN1KFE28yXWL5AdJ4cvnrP4aHy52AebbZZSuJPCz_1B9__989BGqRrMvh-8CNJntJoi379Af3rFtFnwTIkMXoyUBDO18PhcPB2EIWJn3-YHS-3cTDfPzkcmnhsGPR5sKFPNmQR-NebaEHWn4LN8vowdnL9tPybZSz2Q9DDJ2P3nH0BevQcpCv6sInCII3Y-49rf_403IZLduowSaP5Ez3_LyGascOEvup_9oO1_8i-nDt6O1gHIfvEccjrbRwtsnl6bdLPxoS-vCHhYvfdk9SP6dH_Mss18O7n_tVPYcZ-D3RlDc03g7_etsPCMrAs4_KwbBEsSw0s02FUViRBE3_LqJWQVWDN2EMBmG1gwygww14nZksGbZ0PbzqykExHAMmuQLo_HoNoOUNLJS2rTMu7AC1XAMvpC0tpaDklWLZ5idAaC2hh1aGFhy6fVwsta1wOLbs_LexK4zIEuNxOcmUPHYWUqnI1uggl0RQcdaSEVVJSL1MdKFkCSuOOlNxXMOOeV0FKlMw4TwNKp5pxzZTushRFv-9IlUGJOJlGR1D2K5h0SkF18-f2cMz153exHy4Jumc_Y3SL0dUN0J87jgEhFOUDUBD5I2O0xCWHLuk1sYhP1ZK3WAKxPQBDG0lAgxl0tdDGIik3JR16Ozk8NKDkPAlyMOVSS84zReQk7bpScnSifjjzRFWqZJLmXTxTPYmZCqamaKbK2QlRvmNWHfx5mHkSzBTNUaWRVnX06mdpLc3eE5xFWYyiFt_hsJpgcbLKIUzoGPQhGpWzbKmoG4kSIrPq9Xvzc2opZS9-ozI_9_z8sCfiV80CTsCv7nsLBNv4OWV-sDRKxE8-1xwLy6zV7EABwJFKgG4ZoOR1QwlA0xBZPKuaNigg2F7vuHgISs1h4bKI1SOveMUhKAdQJIKW8iSjHoE8fM-EpKgFIKa5fwEglo1ANgYj6H0jKF9KEuUalvJcw6m5GH4E0l-vDaBVAujAqidCgPIhiEW1AatHxgFcQCh46I8koxSD5SoNwiX6ODHsagjyPLTF6lDt6L7SARir_RD08Ou6e55rCScvbOWAV3uSgITBkOzR-SGZwksEbOEAuHygWSRl4CnoCAMJtmzwOgMJzsgWrZdbsEUD6DJUVdFzUndz4ofo6wjIyHZB9aM9o4idnAEa9bgWChHZPRKCLlfBAjMoMbsvsQ7-S5TE2z0ygDoyfrdPjurdKgsXJEYf36GrDysgMlY5giNLd0MwaKm43UfOQIgQKl9b-I2-uvHjdLuKQtLQcRZNJujBNOi0vn1Ef0euc_v4Bt2wK5bIiY3MohFzBfL2bfDkehGtmaB9MQ3pq6JXSD2_nZLbUtYLW_Uy2YjoA_uTnxiRnLPHjhCR0shqRmTSt2SiaFxKKEVl3UZEpny3wViIqEf-2Jp6NyNqjSIFiKSiaCwOoh4JYiuhfR74q79Ad_emh67cHJRtUVAiRPSvWmRkilrIipCOeWEUmywjTBmBPD_M3wAT84TElCeEtYWBPbe7e4tK1DhnRpFUoPGuiCY0pAq0LEMaUjGraYDUY80JCOk-StCMGtX97NsBQvdkAYJkACHFUZIXGnIvGpNFt9WlBkA9lpdaCwrNaGrKpBaOnOsUi1KPtaNmONQzrYi_4Fimn_w4fwfdBPGCpWToH9kXmhQha0o9fVs_WUmqHI8H7jh-cv24H4ZSO75Kj306KFvQDJirJ_6x67zgT4M5uDSDC8b-OIpkxz4vXazo_M-H09cA2lN0BXTy2OXGHBxdVEEHX0AX0urasu_VOSUkbaRUy3hqcVZyn-bYU4Hrc54M7YDlE7hjrBkielUTJhdrla7GG_rbpFGUrlBD1NnAWKMerDu8x8M36BNvRQGsE6uasiqxKiWzurSrMSV4wcsyxiJIVR8mDaku--9nN-jdy5Z8N0fW2WQ_pQPOq7KfdZuJtmOJkPWryI9b1IzSs4dGrmY31d1aNXzlrlmzj5plyaNdFbPOBF2hlCl1bQ08-fF4jqsoBTnvIWqWgUXsujX_1y6iTdJGj-L0kfitC7Zmadp6oKhbHU4OU7gtBQDuoPJEwHp0ALXWd3Sn2JRqAXacNBhdpVX_V0axR0NkA0nlJVmalc3X9Es3FLF__OWHn9DPUbQICMrCICFf0NXsDbuwMEECaiHmrwywYZPrxYJ-kqHMByrkW3RIePgV20jZefvVsOvX3WrLbRObqZ5sTC6bTsXrbmwmerIxuGw6Va27sXk4wNGLjW3x2HSqV3djs9ObjLw5JZvchKkJm7aESJXKaEbE5QLpl-7ApUUzIJgLpF-zkYSeZNXGv4sCKW3HKgHp11lUATLLgvQ_UcaxLS1ucISLa8t8M7inktCxXqKsp85afDFRmnxYIFBTfUGZHt_kKU0wYKQmGpMq7Qoqk1KaQMBI7fVIS1J8nVa7IRlGisnUPc26T02KZvZynEZ8TErbO-AipSUmgUIp7fGAK5SWmEp7xsqYlO4tlpCn-7ZdEpeIJj4mpduJ4dr0YRWcHNNhCbQJFGwbcRnVKZs8BPp0aVS8xSm-M1De8AFTqEuD6hJTFzDmDztWOsYU30P12f8LBjV7Jn6arII4LWpVCyi3BErQvl4FlRxH6yLpJnf69dnoW0flglFNtUXlcVEpdeZwVBNtUXGNQp_Nu31QnWsCvpD1OnpWFlhKTbp-c7ALLYtPS6lX128adqFl8y-FSi07h9a772Y5qikFsnPs__Y_V-1VkVSp1cyBgzpCCun5WXMPPXWnu1OWGfWrjYOgTC8MpYPd7Ln3FoRl8gqx9NtuC8LysOei2RTiy0xtg-0JoOwrAekpoRzSEBkqjsOl0q_VHiwsOlLht3_UtsWeSFd0pMJvGLKVtsoLZKVe-Lg4FX7Lh93WDi9F5X0Y_JGRDTkUOd4Xaoy31Tsm8ajgURuVbD9Msb6xjAkJJRMGhx8sSj2wCaM01ZMSP1OwlXpfIKWJnpQEcqy0Ug2klCvRrXaUBAZHaZkaSGnWVHtVS6lD3dW0x1xKSivUErqkHyX-KpqjtDotIUv6QRpz55tzytvPCFUJeufis0EacfMLR2lFmgdptibkM1mTJEH_JJt9KgaE1L4WVICUHAcqdNX8TlQl7s4p7wgiojV9lbROeXcQEa3Jq6Sl1JBL0HqYXJoWzyVwUSl15RKoziBa1HO-qI0rpeZcL80SwwLcb61MSqlB10uv1IeVUp-ul1x1Civ-4hBW6ta5qL6tN3LlSryJFHvc-xA0ACsuOKYBWbwQeWSYz6zrP4V14HhqAqUbHpdr23HXe8pI4Kmpkm54xlyDgGGVcDieQxG8WFap_g-p2lr-qHRvcgkxOpLpsC_A5l7esFI7bgBJTbUlZdlcUkqtOJTURF9S3N4_rNSJQ0nlRRYtSdnckh1WasOhpJhO3Z2e1PFmkBKo-GveWKkPlxEqTVGN-Jqu1IXLKJWmqDBX1N1T3sD90lLVBRU_YXGVVs4Zqt_--j9pmgiV:1qnI9M:k2fndA9ojoo1T1dhae93zRufHaSnh4WqGA7zWuSkLJA", "expire_date": "2023-10-16T12:35:48.864Z"}}, {"model": "sessions.session", "pk": "3b5r8xwtzstnvv6cx084ceu7q7yngbwu", "fields": {"session_data": ".eJzVnWtv2zgWhv-KYGCAFNtxREnUpd82c8kMxt4M4hbNdmcQyBJja2NLXl2apoP570vKsqsbKVKiY-VLLF8gOk8OX73n8FD5a3LvZun6PktQfB_4k3cTMHlbfm3peo8oJG_4_3XDVTT1ojCNg-WUfGRavJtM55GPNlfFZysnWLvJmpxWBc4SIlVbmoZtabblLW0Xuc6DpzsI-r7mPKgPDrANHdqe4VoW0KwH_Og-LB136an4pK7nRVmY5udGYRp4bor8ezedvAOmYxoWtA17CmxHN1UDf4UEJUkQhffoyy6Inyfv1LcTL9rushR_Kd9N3cm7__w1SYN0g_DX-xElj2m0U37_QfntWsHPglWIYuVRVYLQ20ynUzx-FCZu_mFyvNrFgVc8ORwCaKvkiwZb_GSL_MC93BIu98F2dXkYO7l8XH2nqX4xBD58VPfPyRfAR09BusYP2ygM0oi8v9xgrtNduCKnDpM08h7x-X8NlQU5TAiZz26wcZfky5nW28kmCMknjkNe7uLIz7z0kvxtY4Rf3u7_pPhpkroxPvoj00wV7n8Wr96HGfk9lAttCt5M_n7bDQuKwNLU88PSWbA0ObCAQaisUaLM3B2hVkFWg7UgDyVgugpVtcQMOr2YrQi0TT48MEQhAYMBSa9Buj0ec9EypppMWlqVlnMGWiYDljEUltTQMiqwdHCO0LIZtKDs0IJTk86rg5ZmV0NLH04LmsK4VAYus5dc6VNDIqW6XFlnocSaglZPSlAmJfky1YOSxqBk96RkvoIZ97QOUiRlxjkjoHSqGddO6SZLlehhT6oKisUJqD1B6a9g0kkF1c-f61Ob6s9vYpy0IeWW_IyVa6hcXHH6c8NQeQhF-QAYRP5IGK1gxaELek3I4lO35B2WgG0PuKFZAtD4DLpcaDZLyoGgQ-8mB6cqLzlHgByfcskl5wAWOUG7LpUcnqgfX3iiSlUyQfPOnqmOwEzlpiZpporZCVa-A-oO_mWYOQLMJM1RqZFWd_TyZ2kjzS4ILqIsVqIO32GQmmB5soohTPAY-CGyqlm2UNRZrIQI1L3-YH5GI6UcxM-q8jNfnh90WPzqWcAJ-DV9b4lgFz-jyo8vjWLxE881bWaZtZ4dSABoyQRoVgEKXjekAAQqy-Jp9bRBAsHuesfZQ1BoDjOXRbQBecUrDkExgCwR1KQnGc0IpOF7QihVOgBCnPuXAELRCCRjEILON4LipSRWrqFJzzWMhouhRyD-9boAahWABl_1hAlQPAQhqzagDcg4OBcQSh76E8owxWC1ToNwpXyaqXo9BGkeWiN1qG50X_EAhFUxBD78uumf52rMycu3ckCrPQlAgtyQdOvlIQHmJYJv4YBz-WBkkZRxT0GDGUh8ywavM5D4Gems9XKNb9GAdxmqrug5qRsPuaHy1eJkpJtc9aOCUUROTgBZA66FTET6gISgz1WwxIyXmD6UWA__xUri9QEZQBMZvdsnR_V-nYU-ipVP75WLj2tOZKRyxI8s3Q9BoKXsdh8xA8FCKH1t4U_86taN0906ClFLx1k0myl3QMXT-nqp_EMxjevlG-WKXLFYTswCZSNmMuTt2-DJpR9tiKB9AarwVdEppZ7fTkltKRuErX6ZbEX0kfzJT4xIzNlDg4lIamS1IwL4LZEosisJJaus24oIiHcb2ExEA_LHztS7HVFnFElAJBRFNjuIBiSInYSKPPB311duboGjXJg5KF3DoFiI8F-1zAiwWsjKkI55YRQDkhGmhECeH-ZvcBNzmMSkJ4SNhYGC282thiXKzplhJDVotCsi4A2pEi1NFYZUzmpaIA1Yc-KEdBslygIb1WL27QEpt8jngqRyQoqjJC805F40Rn6_1aUWQAOWlzoLCu1oGsokF46Y62SL0oC1o3Y42DOtketTLNNPbpy_o1wFsU9SMuWf2RecFCnaHHv6rn6yilQZDg3ccfzkclkMg6kdX8XHLh6ULGgGxNUj99h1XvKngcddmoElY38cRbBjn5Yu1nT-l8PpGwD1uXLB6eShSY05fnRRDR3_AjqTVt-WfafJKUFpK6VGxtOIs4r7BLYjA9fnPBnaA8sncM9YU1n06iZMLNZqXY1X-LdJoyhdKy1Rp3PGGvZg_eEtD99gSLyVBbBJrG7K6sTqlEB9aXfElPgLXppqsyDVfZgwpKbsf1hcKe-fd-h7T9FeTPZTPKBXl_2s30zUDY2FbFhF3u5QM0xPn6q5ml3Vd2s18FW7ZsEQNcuSpV4Xs94ETaaUSXVtLTzp8fgSV1EM0hsgapoKWez6Nf83LqJt0oaP4nSJ3M4FW1CZtg5X1K0PJ-dTuB0GwN1B5bCADegA6qzvjJ1iW6rFseOkxehKrfq_MooDGiJbSEovyeKszNvgL91SxP7x1x9-Un6JIj9AShYGCfqiXCzekAsLESROLYT0lQEybHLp-_iTBGU-UCnfwkPyh1-5jZScd1gNu3ndrbfctrGZj5MNoLLpVbzux2Y2TjYqlU2vqnU_NncHOONio2s0Nr3q1f3Y7PUmQ29OySY3YXLCpishkqUyIyNiUoEMS3f4pWVkQCAVyLBmIwE9yeqNf2cFUtmOVQEyrLOoBmSRBem_o4xiWzrcoAXLa8t0M1hQSfBYz1E2UGc1uphITT40LlDz8YICDt3kSU0w-EjNRkyqsiuoSkpqAsFHqtCjUZKi67TcDcl8pIhM3eKs-9SkcGYvxsmiY5La3sEvUqPExFAoqT0e_Ao1SkyVPWNVTFL3FgvI023XLolzRBMdk9TtxPza9HEdnBzTYQm0DRTfNuIqqlM2eTD06dyoaItTdGcgveGDT6HODapPTJ3BmN_tWY0xpugeasj-X25Qiyfkpsk6iNOyVnWAMiugGO3rdVDJcbQ-kg6o02_IRt8mKpMb1Xy0qBwqKqnOnB_VbLSoqEZhyObdIaheagI-o80mepIWWFJN-vjmYB9aGp2WVK8-vmnYh5ZOvxRKtewUWu-_X-So5hjI3rH_y_1ct1dlUpVWM4Mf1BFSiM9PmnvwqXvdnbLKaFhtnAvK_MxQetjNgXtvubDMXiGWYdttubDcFVxGNoXoMtPYYHsCKEUlID0llEMaIkLFMKhUhrXacwvLGKnQ2z8a22JPpCtjpEJvGNKltsozZKVZ-Dg7FXrLh97VDi9E5UMY_C9DW3Qocnwo1Riv63dMolGBVheVrBimXN9YxQiFggmDQQ8WqR4Y8FGaj5MSPVPQpXpfTkqzcVJiyLHUSjUnpVyJrkdHiWFwpJapOSkt2mqvcin1qLsC3aZSklqhFtCl8VGir6IZUqvTArI0Pkg2db4Zp7z9DFOVeO9c_GKQLGp-YUitSNMgLTYIfUYblCTKz2hbpGKckLrXgkqQkuNApa6aByQrcTdOeUcQFq35q6R1yruDsGjNXiUtqYZcgNbd7Ny0aC6BikqqKxdA9QKihT3ns9y4kmrOx6VZbFgc91urkpJq0MelV_LDSqpPH5dc9Qor-uIQlOrWqai-rTdS5Yq9iRQ61PsQtAArLzimAfKfkTgySGfW95_CGvx4GgI1Njwm1bbDvveUEcDTUKWx4bGpBgHyVcL58RyK4OWySv1_SDXW8q3KvckFxOhIpse-AJ16eYNS7bjKSWo-WlKaTiUl1YrzkpqNlxS19w9KdeK8pPIiyyhJ6dSSHZRqw3lJEZ26OT2p480gBVDR17yhVB8uIlQjRWXRNV2qCxdRqpGiglRRN095A_dzS1UfVPSExZRaOSeo_vz7_9OXVVY:1qoEvC:TpFsm6S-df-Wd0yct_rfNLtSC0P94PsQlCvIKNzGOyw", "expire_date": "2023-10-19T03:21:06.763Z"}}, {"model": "sessions.session", "pk": "7u48e2xyx68jsbam7ekxui0mg4m4brlq", "fields": {"session_data": ".eJzVnWtv4zYWhv8KYWCBDHbq6EbZ6rdN202LtTdFPIPJzm4xUGzWFmJLri6TyRT970vKl9GN1KFE28yXWL5AdJ4cvnrP4aHy52AebbZZSuJPCz_1B9__989BGqRrMvh-8CNJntJoi379Af3rFtFnwTIkMXoyUBDO18PhcPB2EIWJn3-YHS-3cTDfPzkcmnhsGPR5sKFPNmQR-NebaEHWn4LN8vowdnL9tPybZSz2Q9DDJ2P3nH0BevQcpCv6sInCII3Y-49rf_403IZLduowSaP5Ez3_LyGascOEvup_9oO1_8i-nDt6O1gHIfvEccjrbRwtsnl6bdLPxoS-vCHhYvfdk9SP6dH_Mss18O7n_tVPYcZ-D3RlDc03g7_etsPCMrAs4_KwbBEsSw0s02FUViRBE3_LqJWQVWDN2EMBmG1gwygww14nZksGbZ0PbzqykExHAMmuQLo_HoNoOUNLJS2rTMu7AC1XAMvpC0tpaDklWLZ5idAaC2hh1aGFhy6fVwsta1wOLbs_LexK4zIEuNxOcmUPHYWUqnI1uggl0RQcdaSEVVJSL1MdKFkCSuOOlNxXMOOeV0FKlMw4TwNKp5pxzZTushRFv-9IlUGJOJlGR1D2K5h0SkF18-f2cMz153exHy4Jumc_Y3SL0dUN0J87jgEhFOUDUBD5I2O0xCWHLuk1sYhP1ZK3WAKxPQBDG0lAgxl0tdDGIik3JR16Ozk8NKDkPAlyMOVSS84zReQk7bpScnSifjjzRFWqZJLmXTxTPYmZCqamaKbK2QlRvmNWHfx5mHkSzBTNUaWRVnX06mdpLc3eE5xFWYyiFt_hsJpgcbLKIUzoGPQhGpWzbKmoG4kSIrPq9Xvzc2opZS9-ozI_9_z8sCfiV80CTsCv7nsLBNv4OWV-sDRKxE8-1xwLy6zV7EABwJFKgG4ZoOR1QwlA0xBZPKuaNigg2F7vuHgISs1h4bKI1SOveMUhKAdQJIKW8iSjHoE8fM-EpKgFIKa5fwEglo1ANgYj6H0jKF9KEuUalvJcw6m5GH4E0l-vDaBVAujAqidCgPIhiEW1AatHxgFcQCh46I8koxSD5SoNwiX6ODHsagjyPLTF6lDt6L7SARir_RD08Ou6e55rCScvbOWAV3uSgITBkOzR-SGZwksEbOEAuHygWSRl4CnoCAMJtmzwOgMJzsgWrZdbsEUD6DJUVdFzUndz4ofo6wjIyHZB9aM9o4idnAEa9bgWChHZPRKCLlfBAjMoMbsvsQ7-S5TE2z0ygDoyfrdPjurdKgsXJEYf36GrDysgMlY5giNLd0MwaKm43UfOQIgQKl9b-I2-uvHjdLuKQtLQcRZNJujBNOi0vn1Ef0euc_v4Bt2wK5bIiY3MohFzBfL2bfDkehGtmaB9MQ3pq6JXSD2_nZLbUtYLW_Uy2YjoA_uTnxiRnLPHjhCR0shqRmTSt2SiaFxKKEVl3UZEpny3wViIqEf-2Jp6NyNqjSIFiKSiaCwOoh4JYiuhfR74q79Ad_emh67cHJRtUVAiRPSvWmRkilrIipCOeWEUmywjTBmBPD_M3wAT84TElCeEtYWBPbe7e4tK1DhnRpFUoPGuiCY0pAq0LEMaUjGraYDUY80JCOk-StCMGtX97NsBQvdkAYJkACHFUZIXGnIvGpNFt9WlBkA9lpdaCwrNaGrKpBaOnOsUi1KPtaNmONQzrYi_4Fimn_w4fwfdBPGCpWToH9kXmhQha0o9fVs_WUmqHI8H7jh-cv24H4ZSO75Kj306KFvQDJirJ_6x67zgT4M5uDSDC8b-OIpkxz4vXazo_M-H09cA2lN0BXTy2OXGHBxdVEEHX0AX0urasu_VOSUkbaRUy3hqcVZyn-bYU4Hrc54M7YDlE7hjrBkielUTJhdrla7GG_rbpFGUrlBD1NnAWKMerDu8x8M36BNvRQGsE6uasiqxKiWzurSrMSV4wcsyxiJIVR8mDaku--9nN-jdy5Z8N0fW2WQ_pQPOq7KfdZuJtmOJkPWryI9b1IzSs4dGrmY31d1aNXzlrlmzj5plyaNdFbPOBF2hlCl1bQ08-fF4jqsoBTnvIWqWgUXsujX_1y6iTdJGj-L0kfitC7Zmadp6oKhbHU4OU7gtBQDuoPJEwHp0ALXWd3Sn2JRqAXacNBhdpVX_V0axR0NkA0nlJVmalc3X9Es3FLF__OWHn9DPUbQICMrCICFf0NXsDbuwMEECaiHmrwywYZPrxYJ-kqHMByrkW3RIePgV20jZefvVsOvX3WrLbRObqZ5sTC6bTsXrbmwmerIxuGw6Va27sXk4wNGLjW3x2HSqV3djs9ObjLw5JZvchKkJm7aESJXKaEbE5QLpl-7ApUUzIJgLpF-zkYSeZNXGv4sCKW3HKgHp11lUATLLgvQ_UcaxLS1ucISLa8t8M7inktCxXqKsp85afDFRmnxYIFBTfUGZHt_kKU0wYKQmGpMq7Qoqk1KaQMBI7fVIS1J8nVa7IRlGisnUPc26T02KZvZynEZ8TErbO-AipSUmgUIp7fGAK5SWmEp7xsqYlO4tlpCn-7ZdEpeIJj4mpduJ4dr0YRWcHNNhCbQJFGwbcRnVKZs8BPp0aVS8xSm-M1De8AFTqEuD6hJTFzDmDztWOsYU30P12f8LBjV7Jn6arII4LWpVCyi3BErQvl4FlRxH6yLpJnf69dnoW0flglFNtUXlcVEpdeZwVBNtUXGNQp_Nu31QnWsCvpD1OnpWFlhKTbp-c7ALLYtPS6lX128adqFl8y-FSi07h9a772Y5qikFsnPs__Y_V-1VkVSp1cyBgzpCCun5WXMPPXWnu1OWGfWrjYOgTC8MpYPd7Ln3FoRl8gqx9NtuC8LysOei2RTiy0xtg-0JoOwrAekpoRzSEBkqjsOl0q_VHiwsOlLht3_UtsWeSFd0pMJvGLKVtsoLZKVe-Lg4FX7Lh93WDi9F5X0Y_JGRDTkUOd4Xaoy31Tsm8ajgURuVbD9Msb6xjAkJJRMGhx8sSj2wCaM01ZMSP1OwlXpfIKWJnpQEcqy0Ug2klCvRrXaUBAZHaZkaSGnWVHtVS6lD3dW0x1xKSivUErqkHyX-KpqjtDotIUv6QRpz55tzytvPCFUJeufis0EacfMLR2lFmgdptibkM1mTJEH_JJt9KgaE1L4WVICUHAcqdNX8TlQl7s4p7wgiojV9lbROeXcQEa3Jq6Sl1JBL0HqYXJoWzyVwUSl15RKoziBa1HO-qI0rpeZcL80SwwLcb61MSqlB10uv1IeVUp-ul1x1Civ-4hBW6ta5qL6tN3LlSryJFHvc-xA0ACsuOKYBWbwQeWSYz6zrP4V14HhqAqUbHpdr23HXe8pI4Kmpkm54xlyDgGGVcDieQxG8WFap_g-p2lr-qHRvcgkxOpLpsC_A5l7esFI7bgBJTbUlZdlcUkqtOJTURF9S3N4_rNSJQ0nlRRYtSdnckh1WasOhpJhO3Z2e1PFmkBKo-GveWKkPlxEqTVGN-Jqu1IXLKJWmqDBX1N1T3sD90lLVBRU_YXGVVs4Zqt_--j9pmgiV:1qoEv6:0fi9oxwkEEqxba1Qzf6EDw0_9Xg5_7_2KMdKdJab51c", "expire_date": "2023-10-19T03:21:00.909Z"}}, {"model": "sessions.session", "pk": "gxliowf9cc56ma3zvx5ofl9r6y9czir6", "fields": {"session_data": ".eJzVnWlv47YWhv8KYeACGdypo41a-q3pkhbXviniGUw6bRHIFmPrxpZcLZPJFP3vl5SX0UaKlOiY-RLLC0TnyeGr9xweKn-PFvFmm2couQ_8zB99-_vfoyzM1mj07egHlD5m8Rb8-j34zzXAz8JlhBLwqIEwWqzH4_Ho7SiOUr_4MDlebpNwsX9yONShq2n4ebjBTzYoCP3LTRyg9X24WV4exk4vH5f_MrRgPwQ-fNR2z8kXwEdPYbbCD5s4CrOYvD9f-4vH8TZaklNHaRYvHvH5f4nAjBym-FX_kx-u_Tn5crbzdrQOI_KJ45CX2yQO8kV2qePPJgi_vEFRsPvuaeYn-OiP3LA1uPu5f_U-ysnvAS6Msf5m9M_bblhQBJahnR-WyYJlyIGlW4TKCqVg4m8JtQqyGqwZeSgBMzWoaSVm0OvFbEmgrYvhdUsUkm4xIJk1SLfHYy5a1tiQScuo0vLOQMtmwLKGwpIaWlYFlqmfI7RcBi0oO7Tg2Kbz6qBluNXQMofTgrYwLo2By-4lV-bYkkipLlfOWSixpqDTkxKUSUm-TPWgZDAouT0p2a9gxj2twgxJmXGeApRONePaKd3kGYgfdqSqoFicdK0nKPMVTDqpoPr5c3PsUv35TeJHSwRuyc8EXENwccXpzy1L4yEUFwNgEMUjYbSEFYcu6DUhi0_dkndYArY94IbmCEDjM-hyobksKdcFHXo3OTjWeMl5AuT4lEsuOU9nkRO061LJ4Yn64YUnqlQlEzTv7JnqCcxUbmqSZqqYnWDlO3rdwb8MM0-AmaQ5KjXS6o5e_ixtpNl7grM4T0Dc4TssUhMsT1YxhCkeAz_ETjXLFoo6h5UQ6XWvP5if1UgpB_Fzqvzsl-cHPRa_ehZwAn5N31si2MXPqvLjS6NY_MRzTZdZZq1nBxIAOjIB2lWAgtcNKQB1jWXxjHraIIFgd73j7CEoNIeZyyLGgLziFYegGECWCBrSk4xmBNLwPSGUgQ6AEOf-JYBQNALJGISg95WgeCmJlWsY0nMNq-Fi6BGIf70ugEYFoMVXPWECFA9ByKoNGAMyDs4FhJKH_ohyTDFcrrIwWoKPE82shyDNQxukDtWN7gsegLDaD4EPv6z757kGc_LyrRzQak8CkCA3JNN5eUg68xLBt3DAuXygWCTl3FPQYgYS37LB6wwkfkYma73c4Fs04F2Gqit6QepmgfwIfHE4GZk2V_1ozygmJyeAnAHXQiYic0BC0OcqWGLGS8wcSqyH_2Il8eaADKCJjN7tU6B6t8qjACXg4ztw8WHFiYxUjviRZbshCLSM3e4jZiBYCKWvLfyJX934SbZdxRFq6TiLJxNwp2t4Wl_Pwb-BbV3P34ArcsViOTFHLxsxmyFvXwdPL4N4TQTts64JXxW9Uur59ZTUlrJB2OqXyVZEH8if_MSIxJw9tJiIpEZWOyIdvyUSRW4loWSVdVsR6eLdBi4T0YD8sTP1bkfUGUUSEAlFkcsOogEJYiehfR74qx-Am1vdAxd2Aco0MCgWIvxXLTPSWS1kZUjHvDBOdJIRZoRAkR8Wb3AT85jEpCeEjYWBPbebWwNLlFsww0hq0GhXRJ03pEq0DE0YUjmraYE0YM2JE9JtnIIZNqr72bcDBG5RwAVJ44SUxGlRaCi8aIKCfqtLLYAGLC91FhTa0TSUSS4cMdfJFqUBa0ftcLBnWiE_oFimH_2keAdchUlAUjLwXf4ZJ0XAmGJP39VPVpEqy6OBO46fXs73w2Bqx1fxsY8HJQuaIXH1yD92nZf8abjgLs3AkrE_jiLYsU9LF2s6__Ph9A2A5hRccDp5aFNjjh9dXEPHv4DOpNW3Zd9rckpR1kqpkfE04qziPnXXk4HrU5EM7YAVE7hnrGksenUTJhZrta7GK_zbZHGcrUBL1JmcsYY9WH9488M3GBJvZQFsEqubsjqxOiW9vrSrMCX-gpehuSxIdR8mDKkp--9nV-Dd8xZ9swDGi8l-hgdc1GU_7zcTTctgIRtWkXc71AzTM8daoWZX9d1aDXzVrll9iJrl6dysi1lvgjZTyqS6thae9Hh8iasoBrkYIGqGBlns-jX_Ny6ibdKGj5JsjvzOBVu9Mm09rqhbHU7Op3BbDIC7g8pjARvQAdRZ31GdYluqxbHjpMXoSq36vzKKAxoiW0hKL8nirGyxxl-6pYj9wy_f_wh-juMgRCCPwhR9BhezN-TCQgSJUwshfWWADJteBgH-JEFZDFTKt_CQ_OFXbiMl5x1Ww25ed-stt21spmqy0alsehWv-7GZqMlGo7LpVbXux-buAEctNqZBY9OrXt2PzU5vcvTmlGwKEyYnbLoSIlkqoxgRmwpkWLrDLy2KAYFUIMOajQT0JK83_p0VSGU7VgXIsM6iGpBZHma_xTnFtnS4QQeW15bpZnBPJcVjPcf5QJ016GIiNfkwuEBN1QWle3STJzXB4CM1UZhUZVdQlZTUBIKP1F6PlCRF12m5G5L5SBGZusVZ96lJ4cxejJNDxyS1vYNfpJTExFAoqT0e_AqlJKbKnrEqJql7iwXk6bZrl8Q5oomOSep2Yn5t-rAKT47psATaBopvG3EV1SmbPBj6dG5UtMUpujOQ3vDBp1DnBtUnps5gzO92rFSMKbqHGrL_lxvU7An5WboKk6ysVR2g7AooRvt6HVR6HK2PpOvU6Tdko28Tlc2NaqosKo-KSqoz50c1URYV1SgM2bw7BNVLTcBntF7HT9ICS6pJV28O9qFl0GlJ9erqTcM-tEz6pVCqZafQevfNrEA1xUB2jv2__qe6vSqTqrSaWfygjpAifH7S3INP3evulFVGw2rjXFCmZ4bSw24O3HvLhWXyCrEM227LheVuz0WxKUSXmcYG2xNA2VcCslNCOaQhIlQsi0plWKs9t7CoSIXe_tHYFnsiXVGRCr1hyJTaKs-QlWbh4-xU6C0fZlc7vBCV91H4V4426FDkeF-qMV7X75hEowKdLir5fphyfWOZIBQJJgwWPVikemCdj9JUTUr0TMGU6n05KU3UpMSQY6mVak5KhRJdK0eJYXCklqk5Kc3aaq9yKfWou-qmS6UktUItoEvqUaKvollSq9MCsqQeJJc636xT3n6GqUq8dy5-MUgONb-wpFakaZBma4Q-oTVKU_AT2uxTMU5I3WtBJUjpcaBSV80DkpW4W6e8IwiL1vRV0jrl3UFYtCavkpZUQy5A625yblo0l0BFJdWVC6B6AdHCnvNZblxJNedqaRYbFsf91qqkpBp0tfRKflhJ9elqyVWvsKIvDkGpbp2K6ut6I1Wu2JtIoUe9D0ELsPKCYxai4BmJI4N0Zn3_KazFj6chUKrhsam2Hfa9p4wAnoYqqYbHpRoEyFcJ58dzKIKXyyr1_yHVWMt3KvcmFxCjI5ke-wJM6uUNSrXjGiepqbKkDJNKSqoV5yU1UZcUtfcPSnXivKSKIouSpExqyQ5KteG8pIhO3Zye1PFmkAKo6GveUKoPFxEqRVE5dE2X6sJFlEpRVJAq6vYpb-B-bqnqg4qesNhSK-fa7l4t936ere7zFCX3ITknGaP02hxr7W6w4H_4d4nHizjKknA-Jh8Z799Nx1NC42r_2coJVn66IqfVdG8OkWbMbct1DNdZzF0f-d7DwvQQDALDe9AePN21TOguLN9xdMN5wI_-w9zz5wtt9M__AWz8P9U:1qnZqq:GBpJkfIJw1u1y6tPggQc5Amd98AB6fYJmCEjZOtRhds", "expire_date": "2023-10-17T07:29:52.703Z"}}, {"model": "products.brand", "pk": 1, "fields": {"title": "Birdblue", "image": "media/model_img/brands/Birdblue.png"}}, {"model": "products.brand", "pk": 2, "fields": {"title": "Ddice", "image": "media/model_img/brands/Ddice.png"}}, {"model": "products.brand", "pk": 3, "fields": {"title": "Doll", "image": "media/model_img/brands/Doll.png"}}, {"model": "products.brand", "pk": 4, "fields": {"title": "Heartbeat", "image": "media/model_img/brands/Heartbeat.png"}}, {"model": "products.brand", "pk": 5, "fields": {"title": "Kg", "image": "media/model_img/brands/Kg.png"}}, {"model": "products.brand", "pk": 6, "fields": {"title": "Orange", "image": "media/model_img/brands/Orange.png"}}, {"model": "products.brand", "pk": 7, "fields": {"title": "Ros", "image": "media/model_img/brands/Ros.png"}}, {"model": "products.brand", "pk": 8, "fields": {"title": "Suityou", "image": "media/model_img/brands/Suityou.png"}}, {"model": "products.brand", "pk": 9, "fields": {"title": "Uniqueme", "image": "media/model_img/brands/Uniqueme.png"}}, {"model": "products.brand", "pk": 10, "fields": {"title": "Zeus", "image": "media/model_img/brands/Zeus.png"}}, {"model": "products.computer", "pk": 1, "fields": {"title": "Desktop PC KG Designer k0 including monitor (Black)", "brand": 5, "image": "media/model_img/computers/kg designer k0 desktop with monitor black.png", "color": "Black", "is_in_stock": true, "in_stocks": 67, "is_on_sale": false, "og_price": 15800, "price": 15800, "stars": 2.1, "is_recommend": false, "is_laptop": false, "is_gamingtype": false, "has_monitor": true, "cpu": "Bluei b3-9100", "cpu_brand": "Bluei", "ram": "4Gb", "gpu": "Bluei UHD Graphics 100", "gpu_brand": "Bluei", "storage": "2Tb", "storage_type": "Hdd", "size": "24\"", "case": "Micro-atx", "resolution": "1080P", "refresh_rate": "60Hz", "display": "Ips", "weight": 7.12, "os": "Windows11"}}, {"model": "products.computer", "pk": 2, "fields": {"title": "Desktop PC KG Designer k5 including monitor (Black)", "brand": 5, "image": "media/model_img/computers/kg designer k0 desktop with monitor black.png", "color": "Black", "is_in_stock": true, "in_stocks": 37, "is_on_sale": false, "og_price": 20800, "price": 20800, "stars": 2.1, "is_recommend": false, "is_laptop": false, "is_gamingtype": false, "has_monitor": true, "cpu": "Bluei b5-9500", "cpu_brand": "Bluei", "ram": "8Gb", "gpu": "Bluei UHD Graphics 100", "gpu_brand": "Bluei", "storage": "2Tb", "storage_type": "Hdd", "size": "24\"", "case": "Micro-atx", "resolution": "1080P", "refresh_rate": "60Hz", "display": "Ips", "weight": 7.12, "os": "Windows11"}}, {"model": "products.computer", "pk": 3, "fields": {"title": "14 inches Laptop KG Designer kg014 (Black)", "brand": 5, "image": "media/model_img/computers/kg designer kg0 laptop14 black.png", "color": "Black", "is_in_stock": true, "in_stocks": 14, "is_on_sale": true, "og_price": 30500, "price": 25900, "stars": 4.2, "is_recommend": true, "is_laptop": true, "is_gamingtype": false, "has_monitor": true, "cpu": "Bluei b3-9100", "cpu_brand": "Bluei", "ram": "8Gb", "gpu": "Greenn PWR3060", "gpu_brand": "Greenn", "storage": "256Gb", "storage_type": "Ssd", "size": "14\"", "case": null, "resolution": "1080P", "refresh_rate": "60Hz", "display": "Ips", "weight": 1.42, "os": "Windows10"}}, {"model": "products.computer", "pk": 4, "fields": {"title": "14 inches Laptop KG Designer kg514 (Black)", "brand": 5, "image": "media/model_img/computers/kg designer kg0 laptop14 black.png", "color": "Black", "is_in_stock": true, "in_stocks": 6, "is_on_sale": true, "og_price": 32500, "price": 29900, "stars": 4.1, "is_recommend": true, "is_laptop": true, "is_gamingtype": false, "has_monitor": true, "cpu": "Bluei b5-10500", "cpu_brand": "Bluei", "ram": "16Gb", "gpu": "Greenn PWR3060", "gpu_brand": "Greenn", "storage": "512Gb", "storage_type": "Ssd", "size": "14\"", "case": null, "resolution": "1080P", "refresh_rate": "60Hz", "display": "Ips", "weight": 1.42, "os": "Windows10"}}, {"model": "products.computer", "pk": 5, "fields": {"title": "14 inches Laptop KG Designer kg714 (Black)", "brand": 5, "image": "media/model_img/computers/kg designer kg0 laptop14 black.png", "color": "Black", "is_in_stock": true, "in_stocks": 18, "is_on_sale": true, "og_price": 34500, "price": 31900, "stars": 4.2, "is_recommend": true, "is_laptop": true, "is_gamingtype": false, "has_monitor": true, "cpu": "Bluei b7-10700", "cpu_brand": "Bluei", "ram": "16Gb", "gpu": "Greenn PWR3070", "gpu_brand": "Greenn", "storage": "1Tb", "storage_type": "Ssd", "size": "14\"", "case": null, "resolution": "1080P", "refresh_rate": "60Hz", "display": "Ips", "weight": 1.42, "os": "Windows10"}}, {"model": "products.computer", "pk": 6, "fields": {"title": "15.6 inches Laptop KG Designer kg015 (Black)", "brand": 5, "image": "media/model_img/computers/kg designer kg0 laptop156 black.png", "color": "Black", "is_in_stock": true, "in_stocks": 10, "is_on_sale": true, "og_price": 28500, "price": 23900, "stars": 3.4, "is_recommend": false, "is_laptop": true, "is_gamingtype": false, "has_monitor": true, "cpu": "Bluei b3-9100", "cpu_brand": "Bluei", "ram": "8Gb", "gpu": "Greenn PWR3060", "gpu_brand": "Greenn", "storage": "256Gb", "storage_type": "Ssd", "size": "15.6\"", "case": null, "resolution": "1080P", "refresh_rate": "60Hz", "display": "Ips", "weight": 1.42, "os": "Windows10"}}, {"model": "products.computer", "pk": 7, "fields": {"title": "15.6 inches Laptop KG Designer kg515 (Black)", "brand": 5, "image": "media/model_img/computers/kg designer kg0 laptop156 black.png", "color": "Black", "is_in_stock": true, "in_stocks": 16, "is_on_sale": true, "og_price": 30500, "price": 27900, "stars": 3.5, "is_recommend": false, "is_laptop": true, "is_gamingtype": false, "has_monitor": true, "cpu": "Bluei b5-10500", "cpu_brand": "Bluei", "ram": "16Gb", "gpu": "Greenn PWR3060", "gpu_brand": "Greenn", "storage": "512Gb", "storage_type": "Ssd", "size": "15.6\"", "case": null, "resolution": "1080P", "refresh_rate": "60Hz", "display": "Ips", "weight": 1.42, "os": "Windows10"}}, {"model": "products.computer", "pk": 8, "fields": {"title": "15.6 inches Laptop KG Designer kg715 (Black)", "brand": 5, "image": "media/model_img/computers/kg designer kg0 laptop156 black.png", "color": "Black", "is_in_stock": true, "in_stocks": 12, "is_on_sale": true, "og_price": 32500, "price": 29900, "stars": 3.6, "is_recommend": false, "is_laptop": true, "is_gamingtype": false, "has_monitor": true, "cpu": "Bluei b7-10700", "cpu_brand": "Bluei", "ram": "16Gb", "gpu": "Greenn PWR3070", "gpu_brand": "Greenn", "storage": "1Tb", "storage_type": "Ssd", "size": "15.6\"", "case": null, "resolution": "1080P", "refresh_rate": "60Hz", "display": "Ips", "weight": 1.42, "os": "Windows10"}}, {"model": "products.computer", "pk": 9, "fields": {"title": "15.6 inches Laptop KG Designer kg015 (White)", "brand": 5, "image": "media/model_img/computers/kg designer kg0 laptop156 white.png", "color": "White", "is_in_stock": true, "in_stocks": 10, "is_on_sale": true, "og_price": 28500, "price": 23900, "stars": 3.6, "is_recommend": false, "is_laptop": true, "is_gamingtype": false, "has_monitor": true, "cpu": "Bluei b3-9100", "cpu_brand": "Bluei", "ram": "8Gb", "gpu": "Greenn PWR3060", "gpu_brand": "Greenn", "storage": "256Gb", "storage_type": "Ssd", "size": "15.6\"", "case": null, "resolution": "1080P", "refresh_rate": "60Hz", "display": "Ips", "weight": 1.42, "os": "Windows10"}}, {"model": "products.computer", "pk": 10, "fields": {"title": "15.6 inches Laptop KG Designer kg515 (White)", "brand": 5, "image": "media/model_img/computers/kg designer kg0 laptop156 white.png", "color": "White", "is_in_stock": false, "in_stocks": 0, "is_on_sale": true, "og_price": 30500, "price": 27900, "stars": 3.3, "is_recommend": false, "is_laptop": true, "is_gamingtype": false, "has_monitor": true, "cpu": "Bluei b5-10500", "cpu_brand": "Bluei", "ram": "16Gb", "gpu": "Greenn PWR3060", "gpu_brand": "Greenn", "storage": "512Gb", "storage_type": "Ssd", "size": "15.6\"", "case": null, "resolution": "1080P", "refresh_rate": "60Hz", "display": "Ips", "weight": 1.42, "os": "Windows10"}}, {"model": "products.computer", "pk": 11, "fields": {"title": "15.6 inches Laptop KG Designer kg715 (White)", "brand": 5, "image": "media/model_img/computers/kg designer kg0 laptop156 white.png", "color": "White", "is_in_stock": false, "in_stocks": 0, "is_on_sale": true, "og_price": 32500, "price": 29900, "stars": 3.8, "is_recommend": false, "is_laptop": true, "is_gamingtype": false, "has_monitor": true, "cpu": "Bluei b7-10700", "cpu_brand": "Bluei", "ram": "16Gb", "gpu": "Greenn PWR3070", "gpu_brand": "Greenn", "storage": "1Tb", "storage_type": "Ssd", "size": "15.6\"", "case": null, "resolution": "1080P", "refresh_rate": "60Hz", "display": "Ips", "weight": 1.42, "os": "Windows10"}}, {"model": "products.computer", "pk": 12, "fields": {"title": "Desktop PC Orange Ranger G5 (Black)", "brand": 6, "image": "media/model_img/computers/orange ranger g5 desktop black.png", "color": "Black", "is_in_stock": true, "in_stocks": 145, "is_on_sale": false, "og_price": 44000, "price": 44000, "stars": 4.8, "is_recommend": true, "is_laptop": false, "is_gamingtype": true, "has_monitor": false, "cpu": "Reda a5 7500", "cpu_brand": "Reda", "ram": "16Gb", "gpu": "Reda RD8800", "gpu_brand": "Reda", "storage": "1Tb", "storage_type": "Ssd", "size": null, "case": "Atx", "resolution": null, "refresh_rate": null, "display": null, "weight": 4.67, "os": "Windows11"}}, {"model": "products.computer", "pk": 13, "fields": {"title": "Desktop PC Orange Ranger G7 (Black)", "brand": 6, "image": "media/model_img/computers/orange ranger g5 desktop black.png", "color": "Black", "is_in_stock": true, "in_stocks": 82, "is_on_sale": false, "og_price": 45900, "price": 45900, "stars": 5.0, "is_recommend": true, "is_laptop": false, "is_gamingtype": true, "has_monitor": false, "cpu": "Reda a7 7700", "cpu_brand": "Reda", "ram": "16Gb", "gpu": "Reda RD8800", "gpu_brand": "Reda", "storage": "1Tb", "storage_type": "Ssd", "size": null, "case": "Atx", "resolution": null, "refresh_rate": null, "display": null, "weight": 4.67, "os": "Windows11"}}, {"model": "products.computer", "pk": 14, "fields": {"title": "Desktop PC Orange Ranger G9 (Black)", "brand": 6, "image": "media/model_img/computers/orange ranger g5 desktop black.png", "color": "Black", "is_in_stock": true, "in_stocks": 91, "is_on_sale": false, "og_price": 47900, "price": 47900, "stars": 5.0, "is_recommend": true, "is_laptop": false, "is_gamingtype": true, "has_monitor": false, "cpu": "Reda a9 7900", "cpu_brand": "Reda", "ram": "32Gb", "gpu": "Reda RD8900", "gpu_brand": "Reda", "storage": "2Tb", "storage_type": "Ssd", "size": null, "case": "Atx", "resolution": null, "refresh_rate": null, "display": null, "weight": 4.67, "os": "Windows11"}}, {"model": "products.computer", "pk": 15, "fields": {"title": "Desktop PC Orange Ranger G5 (White)", "brand": 6, "image": "media/model_img/computers/orange ranger g5 desktop white.png", "color": "White", "is_in_stock": false, "in_stocks": 0, "is_on_sale": false, "og_price": 44000, "price": 44000, "stars": 4.9, "is_recommend": true, "is_laptop": false, "is_gamingtype": true, "has_monitor": false, "cpu": "Reda a5 7500", "cpu_brand": "Reda", "ram": "16Gb", "gpu": "Reda RD8800", "gpu_brand": "Reda", "storage": "1Tb", "storage_type": "Ssd", "size": null, "case": "Atx", "resolution": null, "refresh_rate": null, "display": null, "weight": 4.67, "os": "Windows11"}}, {"model": "products.computer", "pk": 16, "fields": {"title": "Desktop PC Orange Ranger G7 (White)", "brand": 6, "image": "media/model_img/computers/orange ranger g5 desktop white.png", "color": "White", "is_in_stock": true, "in_stocks": 18, "is_on_sale": false, "og_price": 45900, "price": 45900, "stars": 4.9, "is_recommend": true, "is_laptop": false, "is_gamingtype": true, "has_monitor": false, "cpu": "Reda a7 7700", "cpu_brand": "Reda", "ram": "16Gb", "gpu": "Reda RD8800", "gpu_brand": "Reda", "storage": "1Tb", "storage_type": "Ssd", "size": null, "case": "Atx", "resolution": null, "refresh_rate": null, "display": null, "weight": 4.67, "os": "Windows11"}}, {"model": "products.computer", "pk": 17, "fields": {"title": "Desktop PC Orange Ranger G9 (White)", "brand": 6, "image": "media/model_img/computers/orange ranger g5 desktop white.png", "color": "White", "is_in_stock": false, "in_stocks": 0, "is_on_sale": false, "og_price": 47900, "price": 47900, "stars": 5.0, "is_recommend": true, "is_laptop": false, "is_gamingtype": true, "has_monitor": false, "cpu": "Reda a9 7900", "cpu_brand": "Reda", "ram": "32Gb", "gpu": "Reda RD8900", "gpu_brand": "Reda", "storage": "2Tb", "storage_type": "Ssd", "size": null, "case": "Atx", "resolution": null, "refresh_rate": null, "display": null, "weight": 4.67, "os": "Windows11"}}, {"model": "products.computer", "pk": 18, "fields": {"title": "14 inches Laptop Orange Sour o7 (White)", "brand": 6, "image": "media/model_img/computers/orange sour o7 laptop14 white.png", "color": "White", "is_in_stock": true, "in_stocks": 76, "is_on_sale": true, "og_price": 45800, "price": 44900, "stars": 4.4, "is_recommend": true, "is_laptop": true, "is_gamingtype": true, "has_monitor": true, "cpu": "Bluei b7-11700", "cpu_brand": "Bluei", "ram": "16Gb", "gpu": "Greenn PWR4060", "gpu_brand": "Greenn", "storage": "512Gb", "storage_type": "Ssd", "size": "14\"", "case": null, "resolution": "1440P", "refresh_rate": "144Hz", "display": "Va", "weight": 1.67, "os": "Windows11"}}, {"model": "products.computer", "pk": 19, "fields": {"title": "14 inches Laptop Orange Sour o9 (White)", "brand": 6, "image": "media/model_img/computers/orange sour o7 laptop14 white.png", "color": "White", "is_in_stock": true, "in_stocks": 59, "is_on_sale": true, "og_price": 47800, "price": 46900, "stars": 4.4, "is_recommend": true, "is_laptop": true, "is_gamingtype": true, "has_monitor": true, "cpu": "Bluei b9-11900", "cpu_brand": "Bluei", "ram": "32Gb", "gpu": "Greenn PWR4080", "gpu_brand": "Greenn", "storage": "1Tb", "storage_type": "Ssd", "size": "14\"", "case": null, "resolution": "4K", "refresh_rate": "120Hz", "display": "Oled", "weight": 1.75, "os": "Windows11"}}, {"model": "products.computer", "pk": 20, "fields": {"title": "15.6 inches Laptop Orange Sour o7 (Black)", "brand": 6, "image": "media/model_img/computers/orange sour o7 laptop156 black.png", "color": "Black", "is_in_stock": true, "in_stocks": 87, "is_on_sale": true, "og_price": 44800, "price": 43900, "stars": 4.7, "is_recommend": true, "is_laptop": true, "is_gamingtype": true, "has_monitor": true, "cpu": "Reda a7 7700", "cpu_brand": "Reda", "ram": "16Gb", "gpu": "Greenn PWR4060", "gpu_brand": "Greenn", "storage": "512Gb", "storage_type": "Ssd", "size": "14\"", "case": null, "resolution": "1440P", "refresh_rate": "144Hz", "display": "Va", "weight": 1.77, "os": "Windows11"}}, {"model": "products.computer", "pk": 21, "fields": {"title": "15.6 inches Laptop Orange Sour o9 (Black)", "brand": 6, "image": "media/model_img/computers/orange sour o7 laptop156 black.png", "color": "Black", "is_in_stock": true, "in_stocks": 102, "is_on_sale": true, "og_price": 46800, "price": 45900, "stars": 4.5, "is_recommend": true, "is_laptop": true, "is_gamingtype": true, "has_monitor": true, "cpu": "Reda a9 7900", "cpu_brand": "Reda", "ram": "32Gb", "gpu": "Greenn PWR4080", "gpu_brand": "Greenn", "storage": "1Tb", "storage_type": "Ssd", "size": "14\"", "case": null, "resolution": "1440P", "refresh_rate": "144Hz", "display": "Ips", "weight": 1.85, "os": "Windows11"}}, {"model": "products.computer", "pk": 22, "fields": {"title": "15.6 inches Laptop Orange Sour o7 (White)", "brand": 6, "image": "media/model_img/computers/orange sour o7 laptop156 white.png", "color": "White", "is_in_stock": true, "in_stocks": 67, "is_on_sale": true, "og_price": 44800, "price": 43900, "stars": 4.7, "is_recommend": true, "is_laptop": true, "is_gamingtype": true, "has_monitor": true, "cpu": "Reda a7 7700", "cpu_brand": "Reda", "ram": "16Gb", "gpu": "Greenn PWR4060", "gpu_brand": "Greenn", "storage": "512Gb", "storage_type": "Ssd", "size": "14\"", "case": null, "resolution": "1440P", "refresh_rate": "144Hz", "display": "Va", "weight": 1.77, "os": "Windows11"}}, {"model": "products.computer", "pk": 23, "fields": {"title": "15.6 inches Laptop Orange Sour o9 (White)", "brand": 6, "image": "media/model_img/computers/orange sour o7 laptop156 white.png", "color": "White", "is_in_stock": true, "in_stocks": 69, "is_on_sale": true, "og_price": 46800, "price": 45900, "stars": 4.5, "is_recommend": true, "is_laptop": true, "is_gamingtype": true, "has_monitor": true, "cpu": "Reda a9 7900", "cpu_brand": "Reda", "ram": "32Gb", "gpu": "Greenn PWR4080", "gpu_brand": "Greenn", "storage": "1Tb", "storage_type": "Ssd", "size": "14\"", "case": null, "resolution": "1440P", "refresh_rate": "144Hz", "display": "Ips", "weight": 1.85, "os": "Windows11"}}, {"model": "products.computer", "pk": 24, "fields": {"title": "16 inches Laptop Orange Sweet o9 (White)", "brand": 6, "image": "media/model_img/computers/orange sweet o9 laptop16 white.png", "color": "White", "is_in_stock": true, "in_stocks": 11, "is_on_sale": true, "og_price": 55000, "price": 53900, "stars": 4.0, "is_recommend": true, "is_laptop": true, "is_gamingtype": false, "has_monitor": true, "cpu": "Reda a9 8900", "cpu_brand": "Reda", "ram": "64Gb", "gpu": "Reda RD8900", "gpu_brand": "Reda", "storage": "4Tb", "storage_type": "Ssd", "size": "16\"", "case": null, "resolution": "4K", "refresh_rate": "240Hz", "display": "Ips", "weight": 2.14, "os": "Ubuntu"}}, {"model": "products.computer", "pk": 25, "fields": {"title": "15.6 inches Laptop Orange Sweet o9 (White)", "brand": 6, "image": "media/model_img/computers/orange sweet o9 laptop156 white.png", "color": "White", "is_in_stock": true, "in_stocks": 55, "is_on_sale": true, "og_price": 52000, "price": 49900, "stars": 4.2, "is_recommend": true, "is_laptop": true, "is_gamingtype": false, "has_monitor": true, "cpu": "Reda a9 8900", "cpu_brand": "Reda", "ram": "64Gb", "gpu": "Reda RD8900", "gpu_brand": "Reda", "storage": "4Tb", "storage_type": "Ssd", "size": "16\"", "case": null, "resolution": "4K", "refresh_rate": "60Hz", "display": "Oled", "weight": 2.26, "os": "Ubuntu"}}, {"model": "products.computer", "pk": 26, "fields": {"title": "Desktop PC Zeus Lighting ZL03 (Black)", "brand": 10, "image": "media/model_img/computers/zeus lighting zl desktop black.png", "color": "Black", "is_in_stock": true, "in_stocks": 29, "is_on_sale": false, "og_price": 22500, "price": 22500, "stars": 3.2, "is_recommend": false, "is_laptop": false, "is_gamingtype": false, "has_monitor": false, "cpu": "Reda a3 8300", "cpu_brand": "Reda", "ram": "8Gb", "gpu": "Greenn PWR1650", "gpu_brand": "Greenn", "storage": "256Gb", "storage_type": "Ssd", "size": null, "case": "Micro-atx", "resolution": null, "refresh_rate": null, "display": null, "weight": 4.4, "os": "Windows10"}}, {"model": "products.computer", "pk": 27, "fields": {"title": "Desktop PC Zeus Lighting ZL05 (Black)", "brand": 10, "image": "media/model_img/computers/zeus lighting zl desktop black.png", "color": "Black", "is_in_stock": true, "in_stocks": 17, "is_on_sale": false, "og_price": 23700, "price": 23700, "stars": 3.5, "is_recommend": false, "is_laptop": false, "is_gamingtype": false, "has_monitor": false, "cpu": "Reda a5 8500", "cpu_brand": "Reda", "ram": "8Gb", "gpu": "Greenn PWR1660", "gpu_brand": "Greenn", "storage": "256Gb", "storage_type": "Ssd", "size": null, "case": "Micro-atx", "resolution": null, "refresh_rate": null, "display": null, "weight": 4.4, "os": "Windows10"}}, {"model": "products.computer", "pk": 28, "fields": {"title": "Desktop PC Zeus Lighting ZL03 (Blue)", "brand": 10, "image": "media/model_img/computers/zeus lighting zl desktop blue.png", "color": "Blue", "is_in_stock": true, "in_stocks": 49, "is_on_sale": false, "og_price": 22500, "price": 22500, "stars": 3.2, "is_recommend": false, "is_laptop": false, "is_gamingtype": false, "has_monitor": false, "cpu": "Bluei b3-10100", "cpu_brand": "Bluei", "ram": "8Gb", "gpu": "Greenn PWR1650", "gpu_brand": "Greenn", "storage": "256Gb", "storage_type": "Ssd", "size": null, "case": "Micro-atx", "resolution": null, "refresh_rate": null, "display": null, "weight": 4.4, "os": "Windows10"}}, {"model": "products.computer", "pk": 29, "fields": {"title": "Desktop PC Zeus Lighting ZL05 (Blue)", "brand": 10, "image": "media/model_img/computers/zeus lighting zl desktop blue.png", "color": "Blue", "is_in_stock": true, "in_stocks": 34, "is_on_sale": false, "og_price": 23700, "price": 23700, "stars": 3.5, "is_recommend": false, "is_laptop": false, "is_gamingtype": false, "has_monitor": false, "cpu": "Bluei b5 10500", "cpu_brand": "Bluei", "ram": "8Gb", "gpu": "Greenn PWR1660", "gpu_brand": "Greenn", "storage": "256Gb", "storage_type": "Ssd", "size": null, "case": "Micro-atx", "resolution": null, "refresh_rate": null, "display": null, "weight": 4.4, "os": "Windows10"}}, {"model": "products.computer", "pk": 30, "fields": {"title": "16 inches Laptop Zeus Ocean z7 (White)", "brand": 10, "image": "media/model_img/computers/zeus ocean z7 laptop16 white.png", "color": "White", "is_in_stock": true, "in_stocks": 34, "is_on_sale": false, "og_price": 36000, "price": 36000, "stars": 4.0, "is_recommend": true, "is_laptop": true, "is_gamingtype": false, "has_monitor": true, "cpu": "Reda a7 8700", "cpu_brand": "Reda", "ram": "16Gb", "gpu": "Reda RD8700", "gpu_brand": "Reda", "storage": "512Gb", "storage_type": "Ssd", "size": "16\"", "case": null, "resolution": "1440P", "refresh_rate": "75Hz", "display": "Ips", "weight": 2.3, "os": "Ubuntu"}}, {"model": "products.computer", "pk": 31, "fields": {"title": "15.6 inches Laptop Zeus Ocean z7 (White)", "brand": 10, "image": "media/model_img/computers/zeus ocean z7 laptop156 white.png", "color": "White", "is_in_stock": true, "in_stocks": 66, "is_on_sale": false, "og_price": 33000, "price": 33000, "stars": 4.1, "is_recommend": true, "is_laptop": true, "is_gamingtype": false, "has_monitor": true, "cpu": "Reda a7 8700", "cpu_brand": "Reda", "ram": "16Gb", "gpu": "Reda RD8700", "gpu_brand": "Reda", "storage": "512Gb", "storage_type": "Ssd", "size": "15.6\"", "case": null, "resolution": "1080P", "refresh_rate": "120Hz", "display": "Ips", "weight": 2.16, "os": "Ubuntu"}}, {"model": "products.computer", "pk": 32, "fields": {"title": "Desktop PC Zeus Thunder ZT (White)", "brand": 10, "image": "media/model_img/computers/zeus thunder zt desktop with monitor white.png", "color": "White", "is_in_stock": true, "in_stocks": 5, "is_on_sale": false, "og_price": 89800, "price": 79000, "stars": 4.8, "is_recommend": true, "is_laptop": false, "is_gamingtype": true, "has_monitor": true, "cpu": "Reda a9 9900", "cpu_brand": "Reda", "ram": "64Gb", "gpu": "Greenn PWR4090", "gpu_brand": "Greenn", "storage": "4Tb", "storage_type": "Ssd", "size": null, "case": "Micro-atx", "resolution": "1440P", "refresh_rate": "240Hz", "display": "Tn", "weight": 8.89, "os": "Archlinux"}}, {"model": "products.smartphone", "pk": 1, "fields": {"title": "DoLL X10 (3Gb + 64Gb) Black", "brand": 3, "image": "media/model_img/smartphones/doll x10 black.png", "color": "Black", "is_in_stock": true, "in_stocks": 192, "is_on_sale": true, "og_price": 7100, "price": 6700, "stars": 4.5, "is_recommend": true, "is_tablet": false, "is_flagship": false, "processor": "Snapd 620", "processor_brand": "Snapd", "ram": "3Gb", "storage": "64Gb", "size": "5.8\"", "resolution": "1080P", "refresh_rate": "60Hz", "display": "Va", "weight": 0.24, "os": "Android10", "front_camera": "6Mp", "back_camera": "10Mp", "sim": "1Sim"}}, {"model": "products.smartphone", "pk": 2, "fields": {"title": "DoLL X10 (3Gb + 64Gb) White", "brand": 3, "image": "media/model_img/smartphones/doll x10 white.png", "color": "White", "is_in_stock": true, "in_stocks": 154, "is_on_sale": true, "og_price": 7100, "price": 6700, "stars": 4.5, "is_recommend": true, "is_tablet": false, "is_flagship": false, "processor": "Snapd 620", "processor_brand": "Snapd", "ram": "3Gb", "storage": "64Gb", "size": "5.8\"", "resolution": "1080P", "refresh_rate": "60Hz", "display": "Va", "weight": 0.24, "os": "Android10", "front_camera": "6Mp", "back_camera": "10Mp", "sim": "1Sim"}}, {"model": "products.smartphone", "pk": 3, "fields": {"title": "DoLL X11 (4Gb + 64Gb) Black", "brand": 3, "image": "media/model_img/smartphones/doll x11 black.png", "color": "Black", "is_in_stock": true, "in_stocks": 128, "is_on_sale": true, "og_price": 8800, "price": 7900, "stars": 4.7, "is_recommend": true, "is_tablet": false, "is_flagship": false, "processor": "Snapd 680", "processor_brand": "Snapd", "ram": "4Gb", "storage": "64Gb", "size": "6.0\"", "resolution": "1080P", "refresh_rate": "60Hz", "display": "Ips", "weight": 0.24, "os": "Android11", "front_camera": "8Mp", "back_camera": "12Mp", "sim": "2Sim"}}, {"model": "products.smartphone", "pk": 4, "fields": {"title": "DoLL X11 (4Gb + 64Gb) White", "brand": 3, "image": "media/model_img/smartphones/doll x11 white.png", "color": "White", "is_in_stock": true, "in_stocks": 84, "is_on_sale": true, "og_price": 8800, "price": 7900, "stars": 4.7, "is_recommend": true, "is_tablet": false, "is_flagship": false, "processor": "Snapd 680", "processor_brand": "Snapd", "ram": "4Gb", "storage": "64Gb", "size": "6.0\"", "resolution": "1080P", "refresh_rate": "60Hz", "display": "Ips", "weight": 0.24, "os": "Android11", "front_camera": "8Mp", "back_camera": "12Mp", "sim": "2Sim"}}, {"model": "products.smartphone", "pk": 5, "fields": {"title": "Orange Pad OR19 (6Gb + 32Gb)", "brand": 6, "image": "media/model_img/smartphones/orange or19 tablet orange.png", "color": "Orange", "is_in_stock": true, "in_stocks": 89, "is_on_sale": true, "og_price": 12800, "price": 11900, "stars": 5.0, "is_recommend": true, "is_tablet": true, "is_flagship": true, "processor": "Easy 100", "processor_brand": "Easy", "ram": "6Gb", "storage": "32Gb", "size": "10.1\"", "resolution": "1440P", "refresh_rate": "90Hz", "display": "Oled", "weight": 0.3, "os": "Android13", "front_camera": "10Mp", "back_camera": "32Mp", "sim": "1Sim"}}, {"model": "products.smartphone", "pk": 6, "fields": {"title": "Orange OR20 (8Gb + 128Gb)", "brand": 6, "image": "media/model_img/smartphones/orange or20 orange.png", "color": "Orange", "is_in_stock": true, "in_stocks": 17, "is_on_sale": false, "og_price": 17900, "price": 17900, "stars": 5.0, "is_recommend": true, "is_tablet": false, "is_flagship": true, "processor": "Easy 120", "processor_brand": "Easy", "ram": "8Gb", "storage": "128Gb", "size": "6.8\"", "resolution": "4K", "refresh_rate": "120Hz", "display": "Oled", "weight": 0.18, "os": "Android13", "front_camera": "32Mp", "back_camera": "50Mp", "sim": "2Sim"}}, {"model": "products.smartphone", "pk": 7, "fields": {"title": "Ros S16 (4Gb + 128Gb) Red", "brand": 7, "image": "media/model_img/smartphones/rose s16 red.png", "color": "Red", "is_in_stock": false, "in_stocks": 0, "is_on_sale": false, "og_price": 10900, "price": 10900, "stars": 4.2, "is_recommend": true, "is_tablet": false, "is_flagship": true, "processor": "Snapd 720", "processor_brand": "Snapd", "ram": "4Gb", "storage": "128Gb", "size": "6.6\"", "resolution": "1440P", "refresh_rate": "75Hz", "display": "Ips", "weight": 0.22, "os": "Android12", "front_camera": "12Mp", "back_camera": "32Mp", "sim": "2Sim"}}, {"model": "products.smartphone", "pk": 8, "fields": {"title": "Ros S16 (4Gb + 128Gb) White", "brand": 7, "image": "media/model_img/smartphones/rose s16 white.png", "color": "White", "is_in_stock": true, "in_stocks": 64, "is_on_sale": false, "og_price": 10900, "price": 10900, "stars": 4.2, "is_recommend": true, "is_tablet": false, "is_flagship": true, "processor": "Snapd 720", "processor_brand": "Snapd", "ram": "4Gb", "storage": "128Gb", "size": "6.6\"", "resolution": "1440P", "refresh_rate": "75Hz", "display": "Ips", "weight": 0.22, "os": "Android12", "front_camera": "12Mp", "back_camera": "32Mp", "sim": "2Sim"}}, {"model": "products.headphone", "pk": 1, "fields": {"title": "Earphone Birdblue Aux3.5 2M including mic (Black)", "brand": 1, "image": "media/model_img/headphones/birdblue headphone aux35 in ear black with mic.png", "color": "Black", "is_in_stock": true, "in_stocks": 256, "is_on_sale": true, "og_price": 200, "price": 149, "stars": 3.7, "is_recommend": false, "is_bluetooth": false, "is_waterproof": false, "has_noise_cancelling": false, "has_microphone": true, "headphone_type": "In-ear", "port": "Aux3.5", "frequency_response": "20Hz-20khz"}}, {"model": "products.headphone", "pk": 2, "fields": {"title": "Headphone Birdblue Aux3.5 3M (Black)", "brand": 1, "image": "media/model_img/headphones/birdblue headphone aux35 on ear black.png", "color": "Black", "is_in_stock": true, "in_stocks": 186, "is_on_sale": false, "og_price": 560, "price": 560, "stars": 2.9, "is_recommend": false, "is_bluetooth": false, "is_waterproof": false, "has_noise_cancelling": false, "has_microphone": false, "headphone_type": "Closed-back-on-ear", "port": "Aux3.5", "frequency_response": "10Hz-24khz"}}, {"model": "products.headphone", "pk": 3, "fields": {"title": "Headset Birdblue Aux3.5 3M (White)", "brand": 1, "image": "media/model_img/headphones/birdblue headphone aux35 over ear white with mic.png", "color": "White", "is_in_stock": true, "in_stocks": 250, "is_on_sale": true, "og_price": 2100, "price": 1890, "stars": 3.6, "is_recommend": false, "is_bluetooth": false, "is_waterproof": false, "has_noise_cancelling": true, "has_microphone": true, "headphone_type": "Closed-back-over-ear", "port": "Aux3.5", "frequency_response": "40Hz-6800hz"}}, {"model": "products.headphone", "pk": 4, "fields": {"title": "Bluetooth Headphone Birdblue 3M (Black)", "brand": 1, "image": "media/model_img/headphones/birdblue headphone bluetooth on ear black.png", "color": "Black", "is_in_stock": true, "in_stocks": 164, "is_on_sale": false, "og_price": 880, "price": 880, "stars": 1.4, "is_recommend": false, "is_bluetooth": true, "is_waterproof": false, "has_noise_cancelling": false, "has_microphone": false, "headphone_type": "Closed-back-on-ear", "port": "Usb-c", "frequency_response": "20Hz-20khz"}}, {"model": "products.headphone", "pk": 5, "fields": {"title": "Bluetooth Headphone Birdblue 3M (Blue)", "brand": 1, "image": "media/model_img/headphones/birdblue headphone bluetooth on ear blue.png", "color": "Blue", "is_in_stock": true, "in_stocks": 208, "is_on_sale": false, "og_price": 880, "price": 880, "stars": 1.4, "is_recommend": false, "is_bluetooth": true, "is_waterproof": false, "has_noise_cancelling": false, "has_microphone": false, "headphone_type": "Closed-back-on-ear", "port": "Usb-c", "frequency_response": "20Hz-20khz"}}, {"model": "products.headphone", "pk": 6, "fields": {"title": "Earphone Birdblue USB Type-c 2M including mic (Blue)", "brand": 1, "image": "media/model_img/headphones/birdblue headphone typec in ear blue with mic.png", "color": "Blue", "is_in_stock": true, "in_stocks": 342, "is_on_sale": true, "og_price": 200, "price": 149, "stars": 3.8, "is_recommend": false, "is_bluetooth": false, "is_waterproof": false, "has_noise_cancelling": false, "has_microphone": true, "headphone_type": "In-ear", "port": "Usb-c", "frequency_response": "20Hz-20khz"}}, {"model": "products.headphone", "pk": 7, "fields": {"title": "Headset Birdblue USB3.0 3M (Blue)", "brand": 1, "image": "media/model_img/headphones/birdblue headphone usb3 over ear blue with mic.png", "color": "Blue", "is_in_stock": true, "in_stocks": 60, "is_on_sale": true, "og_price": 2500, "price": 2190, "stars": 4.8, "is_recommend": true, "is_bluetooth": false, "is_waterproof": true, "has_noise_cancelling": true, "has_microphone": true, "headphone_type": "Opened-back-over-ear", "port": "Usb", "frequency_response": "4Hz-40khz"}}, {"model": "products.headphone", "pk": 8, "fields": {"title": "Headphone Birdblue USB Type-c 3M", "brand": 1, "image": "media/model_img/headphones/birdblue headphone usbc on ear black.png", "color": "Black", "is_in_stock": true, "in_stocks": 205, "is_on_sale": false, "og_price": 560, "price": 560, "stars": 2.9, "is_recommend": false, "is_bluetooth": false, "is_waterproof": false, "has_noise_cancelling": false, "has_microphone": false, "headphone_type": "Closed-back-on-ear", "port": "Usb-c", "frequency_response": "10Hz-24khz"}}, {"model": "products.headphone", "pk": 9, "fields": {"title": "Bluetooth Headphone Heartbeat 3.5M (Pink)", "brand": 4, "image": "media/model_img/headphones/heartbeat headphone bluetooth on ear pink.png", "color": "Pink", "is_in_stock": true, "in_stocks": 79, "is_on_sale": true, "og_price": 1200, "price": 990, "stars": 4.5, "is_recommend": true, "is_bluetooth": true, "is_waterproof": true, "has_noise_cancelling": true, "has_microphone": false, "headphone_type": "Opened-back-on-ear", "port": "Usb-c", "frequency_response": "20Hz-20khz"}}, {"model": "products.headphone", "pk": 10, "fields": {"title": "Bluetooth Headphone Heartbeat 3.5M (Red)", "brand": 4, "image": "media/model_img/headphones/heartbeat headphone bluetooth on ear red.png", "color": "Red", "is_in_stock": true, "in_stocks": 12, "is_on_sale": true, "og_price": 1200, "price": 990, "stars": 4.5, "is_recommend": true, "is_bluetooth": true, "is_waterproof": true, "has_noise_cancelling": true, "has_microphone": false, "headphone_type": "Opened-back-on-ear", "port": "Usb-c", "frequency_response": "20Hz-20khz"}}, {"model": "products.headphone", "pk": 11, "fields": {"title": "Bluetooth Headphone Heartbeat 3.5M (White)", "brand": 4, "image": "media/model_img/headphones/heartbeat headphone bluetooth on ear white.png", "color": "White", "is_in_stock": false, "in_stocks": 0, "is_on_sale": true, "og_price": 1200, "price": 990, "stars": 4.5, "is_recommend": true, "is_bluetooth": true, "is_waterproof": true, "has_noise_cancelling": true, "has_microphone": false, "headphone_type": "Opened-back-on-ear", "port": "Usb-c", "frequency_response": "20Hz-20khz"}}, {"model": "products.cloth", "pk": 1, "fields": {"title": "DDICE Hoodie unisex (S) (Black)", "brand": 2, "image": "media/model_img/cloths/ddice hoodie black uni.png", "color": "Black", "is_in_stock": true, "in_stocks": 120, "is_on_sale": false, "og_price": 550, "price": 550, "stars": 3.9, "is_recommend": true, "gender": "Unisex", "cloth_type": "Hoody", "size": "S"}}, {"model": "products.cloth", "pk": 2, "fields": {"title": "DDICE Hoodie unisex (M) (Black)", "brand": 2, "image": "media/model_img/cloths/ddice hoodie black uni.png", "color": "Black", "is_in_stock": true, "in_stocks": 110, "is_on_sale": false, "og_price": 550, "price": 550, "stars": 3.9, "is_recommend": true, "gender": "Unisex", "cloth_type": "Hoody", "size": "M"}}, {"model": "products.cloth", "pk": 3, "fields": {"title": "DDICE Hoodie unisex (L) (Black)", "brand": 2, "image": "media/model_img/cloths/ddice hoodie black uni.png", "color": "Black", "is_in_stock": true, "in_stocks": 100, "is_on_sale": false, "og_price": 550, "price": 550, "stars": 3.9, "is_recommend": true, "gender": "Unisex", "cloth_type": "Hoody", "size": "L"}}, {"model": "products.cloth", "pk": 4, "fields": {"title": "DDICE Hoodie unisex (XL) (Black)", "brand": 2, "image": "media/model_img/cloths/ddice hoodie black uni.png", "color": "Black", "is_in_stock": true, "in_stocks": 132, "is_on_sale": false, "og_price": 550, "price": 550, "stars": 3.9, "is_recommend": true, "gender": "Unisex", "cloth_type": "Hoody", "size": "Xl"}}, {"model": "products.cloth", "pk": 5, "fields": {"title": "DDICE Hoodie unisex (S) (Blue)", "brand": 2, "image": "media/model_img/cloths/ddice hoodie blue uni.png", "color": "Blue", "is_in_stock": true, "in_stocks": 100, "is_on_sale": false, "og_price": 550, "price": 550, "stars": 3.9, "is_recommend": false, "gender": "Unisex", "cloth_type": "Hoody", "size": "S"}}, {"model": "products.cloth", "pk": 6, "fields": {"title": "DDICE Hoodie unisex (M) (Blue)", "brand": 2, "image": "media/model_img/cloths/ddice hoodie blue uni.png", "color": "Blue", "is_in_stock": true, "in_stocks": 60, "is_on_sale": false, "og_price": 550, "price": 550, "stars": 3.9, "is_recommend": false, "gender": "Unisex", "cloth_type": "Hoody", "size": "M"}}, {"model": "products.cloth", "pk": 7, "fields": {"title": "DDICE Hoodie unisex (L) (Blue)", "brand": 2, "image": "media/model_img/cloths/ddice hoodie blue uni.png", "color": "Blue", "is_in_stock": true, "in_stocks": 50, "is_on_sale": false, "og_price": 550, "price": 550, "stars": 3.9, "is_recommend": false, "gender": "Unisex", "cloth_type": "Hoody", "size": "L"}}, {"model": "products.cloth", "pk": 8, "fields": {"title": "DDICE Hoodie unisex (XL) (Blue)", "brand": 2, "image": "media/model_img/cloths/ddice hoodie blue uni.png", "color": "Blue", "is_in_stock": true, "in_stocks": 91, "is_on_sale": false, "og_price": 550, "price": 550, "stars": 3.9, "is_recommend": false, "gender": "Unisex", "cloth_type": "Hoody", "size": "Xl"}}, {"model": "products.cloth", "pk": 9, "fields": {"title": "SuitYou Hoodie unisex (S) (Black)", "brand": 8, "image": "media/model_img/cloths/suityou hoodie black uni.png", "color": "Black", "is_in_stock": true, "in_stocks": 200, "is_on_sale": true, "og_price": 750, "price": 690, "stars": 4.2, "is_recommend": true, "gender": "Unisex", "cloth_type": "Hoody", "size": "S"}}, {"model": "products.cloth", "pk": 10, "fields": {"title": "SuitYou Hoodie unisex (M) (Black)", "brand": 8, "image": "media/model_img/cloths/suityou hoodie black uni.png", "color": "Black", "is_in_stock": true, "in_stocks": 190, "is_on_sale": true, "og_price": 750, "price": 690, "stars": 4.2, "is_recommend": true, "gender": "Unisex", "cloth_type": "Hoody", "size": "M"}}, {"model": "products.cloth", "pk": 11, "fields": {"title": "SuitYou Hoodie unisex (L) (Black)", "brand": 8, "image": "media/model_img/cloths/suityou hoodie black uni.png", "color": "Black", "is_in_stock": true, "in_stocks": 176, "is_on_sale": true, "og_price": 750, "price": 690, "stars": 4.2, "is_recommend": true, "gender": "Unisex", "cloth_type": "Hoody", "size": "L"}}, {"model": "products.cloth", "pk": 12, "fields": {"title": "SuitYou Hoodie unisex (XL) (Black)", "brand": 8, "image": "media/model_img/cloths/suityou hoodie black uni.png", "color": "Black", "is_in_stock": true, "in_stocks": 150, "is_on_sale": true, "og_price": 750, "price": 690, "stars": 4.2, "is_recommend": true, "gender": "Unisex", "cloth_type": "Hoody", "size": "Xl"}}, {"model": "products.cloth", "pk": 13, "fields": {"title": "SuitYou Hoodie unisex (S) (Red)", "brand": 8, "image": "media/model_img/cloths/suityou hoodie red uni.png", "color": "Red", "is_in_stock": true, "in_stocks": 70, "is_on_sale": true, "og_price": 750, "price": 690, "stars": 4.2, "is_recommend": true, "gender": "Unisex", "cloth_type": "Hoody", "size": "S"}}, {"model": "products.cloth", "pk": 14, "fields": {"title": "SuitYou Hoodie unisex (M) (Red)", "brand": 8, "image": "media/model_img/cloths/suityou hoodie red uni.png", "color": "Red", "is_in_stock": true, "in_stocks": 90, "is_on_sale": true, "og_price": 750, "price": 690, "stars": 4.2, "is_recommend": true, "gender": "Unisex", "cloth_type": "Hoody", "size": "M"}}, {"model": "products.cloth", "pk": 15, "fields": {"title": "SuitYou Hoodie unisex (L) (Red)", "brand": 8, "image": "media/model_img/cloths/suityou hoodie red uni.png", "color": "Red", "is_in_stock": true, "in_stocks": 87, "is_on_sale": true, "og_price": 750, "price": 690, "stars": 4.2, "is_recommend": true, "gender": "Unisex", "cloth_type": "Hoody", "size": "L"}}, {"model": "products.cloth", "pk": 16, "fields": {"title": "SuitYou Hoodie unisex (XL) (Red)", "brand": 8, "image": "media/model_img/cloths/suityou hoodie red uni.png", "color": "Red", "is_in_stock": true, "in_stocks": 97, "is_on_sale": true, "og_price": 750, "price": 690, "stars": 4.2, "is_recommend": true, "gender": "Unisex", "cloth_type": "Hoody", "size": "Xl"}}, {"model": "products.cloth", "pk": 17, "fields": {"title": "SuitYou Hoodie unisex (S) (White)", "brand": 8, "image": "media/model_img/cloths/suityou hoodie white uni.png", "color": "White", "is_in_stock": false, "in_stocks": 0, "is_on_sale": true, "og_price": 750, "price": 690, "stars": 4.2, "is_recommend": true, "gender": "Unisex", "cloth_type": "Hoody", "size": "S"}}, {"model": "products.cloth", "pk": 18, "fields": {"title": "SuitYou Hoodie unisex (M) (White)", "brand": 8, "image": "media/model_img/cloths/suityou hoodie white uni.png", "color": "White", "is_in_stock": true, "in_stocks": 36, "is_on_sale": true, "og_price": 750, "price": 690, "stars": 4.2, "is_recommend": true, "gender": "Unisex", "cloth_type": "Hoody", "size": "M"}}, {"model": "products.cloth", "pk": 19, "fields": {"title": "SuitYou Hoodie unisex (L) (White)", "brand": 8, "image": "media/model_img/cloths/suityou hoodie white uni.png", "color": "White", "is_in_stock": false, "in_stocks": 0, "is_on_sale": true, "og_price": 750, "price": 690, "stars": 4.2, "is_recommend": true, "gender": "Unisex", "cloth_type": "Hoody", "size": "L"}}, {"model": "products.cloth", "pk": 20, "fields": {"title": "SuitYou Hoodie unisex (XL) (White)", "brand": 8, "image": "media/model_img/cloths/suityou hoodie white uni.png", "color": "White", "is_in_stock": true, "in_stocks": 50, "is_on_sale": true, "og_price": 750, "price": 690, "stars": 4.2, "is_recommend": true, "gender": "Unisex", "cloth_type": "Hoody", "size": "Xl"}}, {"model": "products.cloth", "pk": 21, "fields": {"title": "SuitYou Sweatshirt unisex (S) (Red)", "brand": 8, "image": "media/model_img/cloths/suityou sweatshirt red uni.png", "color": "Red", "is_in_stock": true, "in_stocks": 16, "is_on_sale": true, "og_price": 650, "price": 600, "stars": 4.6, "is_recommend": true, "gender": "Unisex", "cloth_type": "Sweatshirt", "size": "S"}}, {"model": "products.cloth", "pk": 22, "fields": {"title": "SuitYou Sweatshirt unisex (M) (Red)", "brand": 8, "image": "media/model_img/cloths/suityou sweatshirt red uni.png", "color": "Red", "is_in_stock": true, "in_stocks": 19, "is_on_sale": true, "og_price": 650, "price": 600, "stars": 4.6, "is_recommend": true, "gender": "Unisex", "cloth_type": "Sweatshirt", "size": "M"}}, {"model": "products.cloth", "pk": 23, "fields": {"title": "SuitYou Sweatshirt unisex (L) (Red)", "brand": 8, "image": "media/model_img/cloths/suityou sweatshirt red uni.png", "color": "Red", "is_in_stock": true, "in_stocks": 17, "is_on_sale": true, "og_price": 650, "price": 600, "stars": 4.6, "is_recommend": true, "gender": "Unisex", "cloth_type": "Sweatshirt", "size": "L"}}, {"model": "products.cloth", "pk": 24, "fields": {"title": "SuitYou Sweatshirt unisex (S) (Yellow)", "brand": 8, "image": "media/model_img/cloths/suityou sweatshirt yellow uni.png", "color": "Yellow", "is_in_stock": true, "in_stocks": 19, "is_on_sale": true, "og_price": 650, "price": 600, "stars": 4.6, "is_recommend": true, "gender": "Unisex", "cloth_type": "Sweatshirt", "size": "S"}}, {"model": "products.cloth", "pk": 25, "fields": {"title": "SuitYou Sweatshirt unisex (M) (Yellow)", "brand": 8, "image": "media/model_img/cloths/suityou sweatshirt yellow uni.png", "color": "Yellow", "is_in_stock": true, "in_stocks": 29, "is_on_sale": true, "og_price": 650, "price": 600, "stars": 4.6, "is_recommend": true, "gender": "Unisex", "cloth_type": "Sweatshirt", "size": "M"}}, {"model": "products.cloth", "pk": 26, "fields": {"title": "SuitYou Sweatshirt unisex (L) (Yellow)", "brand": 8, "image": "media/model_img/cloths/suityou sweatshirt yellow uni.png", "color": "Yellow", "is_in_stock": true, "in_stocks": 30, "is_on_sale": true, "og_price": 650, "price": 600, "stars": 4.6, "is_recommend": true, "gender": "Unisex", "cloth_type": "Sweatshirt", "size": "L"}}, {"model": "products.cloth", "pk": 27, "fields": {"title": "SuitYou T-Shirt Male (S) (Navi)", "brand": 8, "image": "media/model_img/cloths/suityou tshirt navi male.png", "color": "Navi", "is_in_stock": true, "in_stocks": 12, "is_on_sale": false, "og_price": 840, "price": 840, "stars": 3.6, "is_recommend": false, "gender": "Male", "cloth_type": "T-shirt", "size": "S"}}, {"model": "products.cloth", "pk": 28, "fields": {"title": "SuitYou T-Shirt Male (M) (Navi)", "brand": 8, "image": "media/model_img/cloths/suityou tshirt navi male.png", "color": "Navi", "is_in_stock": false, "in_stocks": 0, "is_on_sale": false, "og_price": 840, "price": 840, "stars": 3.6, "is_recommend": false, "gender": "Male", "cloth_type": "T-shirt", "size": "M"}}, {"model": "products.cloth", "pk": 29, "fields": {"title": "SuitYou T-Shirt Male (L) (Navi)", "brand": 8, "image": "media/model_img/cloths/suityou tshirt navi male.png", "color": "Navi", "is_in_stock": false, "in_stocks": 0, "is_on_sale": false, "og_price": 840, "price": 840, "stars": 3.6, "is_recommend": false, "gender": "Male", "cloth_type": "T-shirt", "size": "L"}}, {"model": "products.cloth", "pk": 30, "fields": {"title": "SuitYou T-Shirt Male (XL) (Navi)", "brand": 8, "image": "media/model_img/cloths/suityou tshirt navi male.png", "color": "Navi", "is_in_stock": true, "in_stocks": 30, "is_on_sale": false, "og_price": 840, "price": 840, "stars": 3.6, "is_recommend": false, "gender": "Male", "cloth_type": "T-shirt", "size": "Xl"}}, {"model": "products.cloth", "pk": 31, "fields": {"title": "SuitYou T-Shirt Male (S) (White)", "brand": 8, "image": "media/model_img/cloths/suityou tshirt white male.png", "color": "White", "is_in_stock": true, "in_stocks": 44, "is_on_sale": false, "og_price": 840, "price": 840, "stars": 3.6, "is_recommend": false, "gender": "Male", "cloth_type": "T-shirt", "size": "S"}}, {"model": "products.cloth", "pk": 32, "fields": {"title": "SuitYou T-Shirt Male (M) (White)", "brand": 8, "image": "media/model_img/cloths/suityou tshirt white male.png", "color": "White", "is_in_stock": true, "in_stocks": 10, "is_on_sale": false, "og_price": 840, "price": 840, "stars": 3.6, "is_recommend": false, "gender": "Male", "cloth_type": "T-shirt", "size": "M"}}, {"model": "products.cloth", "pk": 33, "fields": {"title": "SuitYou T-Shirt Male (L) (White)", "brand": 8, "image": "media/model_img/cloths/suityou tshirt white male.png", "color": "White", "is_in_stock": true, "in_stocks": 20, "is_on_sale": false, "og_price": 840, "price": 840, "stars": 3.6, "is_recommend": false, "gender": "Male", "cloth_type": "T-shirt", "size": "L"}}, {"model": "products.cloth", "pk": 34, "fields": {"title": "SuitYou T-Shirt Male (XL) (White)", "brand": 8, "image": "media/model_img/cloths/suityou tshirt white male.png", "color": "White", "is_in_stock": true, "in_stocks": 32, "is_on_sale": false, "og_price": 840, "price": 840, "stars": 3.6, "is_recommend": false, "gender": "Male", "cloth_type": "T-shirt", "size": "Xl"}}, {"model": "products.cloth", "pk": 35, "fields": {"title": "Uniqueme Hoodie Unisex (S) (Green)", "brand": 9, "image": "media/model_img/cloths/uniqueme hoodie green uni.png", "color": "Green", "is_in_stock": true, "in_stocks": 140, "is_on_sale": false, "og_price": 570, "price": 570, "stars": 4.1, "is_recommend": true, "gender": "Unisex", "cloth_type": "Hoody", "size": "S"}}, {"model": "products.cloth", "pk": 36, "fields": {"title": "Uniqueme Hoodie Unisex (M) (Green)", "brand": 9, "image": "media/model_img/cloths/uniqueme hoodie green uni.png", "color": "Green", "is_in_stock": true, "in_stocks": 129, "is_on_sale": false, "og_price": 570, "price": 570, "stars": 4.1, "is_recommend": true, "gender": "Unisex", "cloth_type": "Hoody", "size": "M"}}, {"model": "products.cloth", "pk": 37, "fields": {"title": "Uniqueme Hoodie Unisex (L) (Green)", "brand": 9, "image": "media/model_img/cloths/uniqueme hoodie green uni.png", "color": "Green", "is_in_stock": true, "in_stocks": 110, "is_on_sale": false, "og_price": 570, "price": 570, "stars": 4.1, "is_recommend": true, "gender": "Unisex", "cloth_type": "Hoody", "size": "L"}}, {"model": "products.cloth", "pk": 38, "fields": {"title": "Uniqueme Hoodie Unisex (XL) (Green)", "brand": 9, "image": "media/model_img/cloths/uniqueme hoodie green uni.png", "color": "Green", "is_in_stock": true, "in_stocks": 130, "is_on_sale": false, "og_price": 570, "price": 570, "stars": 4.1, "is_recommend": true, "gender": "Unisex", "cloth_type": "Hoody", "size": "Xl"}}, {"model": "products.cloth", "pk": 39, "fields": {"title": "Uniqueme Hoodie Unisex (S) (White)", "brand": 9, "image": "media/model_img/cloths/uniqueme hoodie white uni.png", "color": "White", "is_in_stock": true, "in_stocks": 138, "is_on_sale": false, "og_price": 570, "price": 570, "stars": 4.1, "is_recommend": true, "gender": "Unisex", "cloth_type": "Hoody", "size": "S"}}, {"model": "products.cloth", "pk": 40, "fields": {"title": "Uniqueme Hoodie Unisex (M) (White)", "brand": 9, "image": "media/model_img/cloths/uniqueme hoodie white uni.png", "color": "White", "is_in_stock": true, "in_stocks": 97, "is_on_sale": false, "og_price": 570, "price": 570, "stars": 4.1, "is_recommend": true, "gender": "Unisex", "cloth_type": "Hoody", "size": "M"}}, {"model": "products.cloth", "pk": 41, "fields": {"title": "Uniqueme Hoodie Unisex (L) (White)", "brand": 9, "image": "media/model_img/cloths/uniqueme hoodie white uni.png", "color": "White", "is_in_stock": true, "in_stocks": 80, "is_on_sale": false, "og_price": 570, "price": 570, "stars": 4.1, "is_recommend": true, "gender": "Unisex", "cloth_type": "Hoody", "size": "L"}}, {"model": "products.cloth", "pk": 42, "fields": {"title": "Uniqueme Hoodie Unisex (XL) (White)", "brand": 9, "image": "media/model_img/cloths/uniqueme hoodie white uni.png", "color": "White", "is_in_stock": true, "in_stocks": 74, "is_on_sale": false, "og_price": 570, "price": 570, "stars": 4.1, "is_recommend": true, "gender": "Unisex", "cloth_type": "Hoody", "size": "Xl"}}, {"model": "products.cloth", "pk": 43, "fields": {"title": "Uniqueme Sleeveless Female (S) (Black)", "brand": 9, "image": "media/model_img/cloths/uniqueme sleeveless black female.png", "color": "Black", "is_in_stock": false, "in_stocks": 0, "is_on_sale": false, "og_price": 690, "price": 690, "stars": 4.7, "is_recommend": true, "gender": "Female", "cloth_type": "Sleeveless-shirt", "size": "S"}}, {"model": "products.cloth", "pk": 44, "fields": {"title": "Uniqueme Sleeveless Female (M) (Black)", "brand": 9, "image": "media/model_img/cloths/uniqueme sleeveless black female.png", "color": "Black", "is_in_stock": false, "in_stocks": 0, "is_on_sale": false, "og_price": 690, "price": 690, "stars": 4.7, "is_recommend": true, "gender": "Female", "cloth_type": "Sleeveless-shirt", "size": "M"}}, {"model": "products.cloth", "pk": 45, "fields": {"title": "Uniqueme Sleeveless Female (L) (Black)", "brand": 9, "image": "media/model_img/cloths/uniqueme sleeveless black female.png", "color": "Black", "is_in_stock": false, "in_stocks": 0, "is_on_sale": false, "og_price": 690, "price": 690, "stars": 4.7, "is_recommend": true, "gender": "Female", "cloth_type": "Sleeveless-shirt", "size": "L"}}, {"model": "products.cloth", "pk": 46, "fields": {"title": "Uniqueme Sleeveless Female (XL) (Black)", "brand": 9, "image": "media/model_img/cloths/uniqueme sleeveless black female.png", "color": "Black", "is_in_stock": true, "in_stocks": 1, "is_on_sale": false, "og_price": 690, "price": 690, "stars": 4.7, "is_recommend": true, "gender": "Female", "cloth_type": "Sleeveless-shirt", "size": "Xl"}}, {"model": "products.cloth", "pk": 47, "fields": {"title": "Uniqueme Sleeveless Female (S) (Grey)", "brand": 9, "image": "media/model_img/cloths/uniqueme sleeveless grey female.png", "color": "Grey", "is_in_stock": false, "in_stocks": 0, "is_on_sale": false, "og_price": 690, "price": 690, "stars": 4.7, "is_recommend": true, "gender": "Female", "cloth_type": "Sleeveless-shirt", "size": "S"}}, {"model": "products.cloth", "pk": 48, "fields": {"title": "Uniqueme Sleeveless Female (M) (Grey)", "brand": 9, "image": "media/model_img/cloths/uniqueme sleeveless grey female.png", "color": "Grey", "is_in_stock": true, "in_stocks": 5, "is_on_sale": false, "og_price": 690, "price": 690, "stars": 4.7, "is_recommend": true, "gender": "Female", "cloth_type": "Sleeveless-shirt", "size": "M"}}, {"model": "products.cloth", "pk": 49, "fields": {"title": "Uniqueme Sleeveless Female (L) (Grey)", "brand": 9, "image": "media/model_img/cloths/uniqueme sleeveless grey female.png", "color": "Grey", "is_in_stock": false, "in_stocks": 0, "is_on_sale": false, "og_price": 690, "price": 690, "stars": 4.7, "is_recommend": true, "gender": "Female", "cloth_type": "Sleeveless-shirt", "size": "L"}}, {"model": "products.cloth", "pk": 50, "fields": {"title": "Uniqueme Sleeveless Female (XL) (Grey)", "brand": 9, "image": "media/model_img/cloths/uniqueme sleeveless grey female.png", "color": "Grey", "is_in_stock": true, "in_stocks": 12, "is_on_sale": false, "og_price": 690, "price": 690, "stars": 4.7, "is_recommend": true, "gender": "Female", "cloth_type": "Sleeveless-shirt", "size": "Xl"}}, {"model": "products.cloth", "pk": 51, "fields": {"title": "Uniqueme Sweatshirt Female (S) (Tiedye)", "brand": 9, "image": "media/model_img/cloths/uniqueme sweatshirt tiedye female.png", "color": "Other", "is_in_stock": true, "in_stocks": 152, "is_on_sale": true, "og_price": 1200, "price": 599, "stars": 2.4, "is_recommend": false, "gender": "Female", "cloth_type": "Sweatshirt", "size": "S"}}, {"model": "products.cloth", "pk": 52, "fields": {"title": "Uniqueme Sweatshirt Female (M) (Tiedye)", "brand": 9, "image": "media/model_img/cloths/uniqueme sweatshirt tiedye female.png", "color": "Other", "is_in_stock": true, "in_stocks": 164, "is_on_sale": true, "og_price": 1200, "price": 599, "stars": 2.4, "is_recommend": false, "gender": "Female", "cloth_type": "Sweatshirt", "size": "M"}}, {"model": "products.cloth", "pk": 53, "fields": {"title": "Uniqueme Sweatshirt Female (L) (Tiedye)", "brand": 9, "image": "media/model_img/cloths/uniqueme sweatshirt tiedye female.png", "color": "Other", "is_in_stock": true, "in_stocks": 181, "is_on_sale": true, "og_price": 1200, "price": 599, "stars": 2.4, "is_recommend": false, "gender": "Female", "cloth_type": "Sweatshirt", "size": "L"}}, {"model": "products.cloth", "pk": 54, "fields": {"title": "Uniqueme T-Shirt Unisex (S) (BLack)", "brand": 9, "image": "media/model_img/cloths/uniqueme tshirt black uni.png", "color": "Black", "is_in_stock": true, "in_stocks": 35, "is_on_sale": true, "og_price": 670, "price": 490, "stars": 4.0, "is_recommend": true, "gender": "Unisex", "cloth_type": "T-shirt", "size": "S"}}, {"model": "products.cloth", "pk": 55, "fields": {"title": "Uniqueme T-Shirt Unisex (M) (Black)", "brand": 9, "image": "media/model_img/cloths/uniqueme tshirt black uni.png", "color": "Black", "is_in_stock": true, "in_stocks": 23, "is_on_sale": true, "og_price": 670, "price": 490, "stars": 4.0, "is_recommend": true, "gender": "Unisex", "cloth_type": "T-shirt", "size": "M"}}, {"model": "products.cloth", "pk": 56, "fields": {"title": "Uniqueme T-Shirt Unisex (L) (Black)", "brand": 9, "image": "media/model_img/cloths/uniqueme tshirt black uni.png", "color": "Black", "is_in_stock": true, "in_stocks": 26, "is_on_sale": true, "og_price": 670, "price": 490, "stars": 4.0, "is_recommend": true, "gender": "Unisex", "cloth_type": "T-shirt", "size": "L"}}, {"model": "products.cloth", "pk": 57, "fields": {"title": "Uniqueme T-Shirt Unisex (XL) (Black)", "brand": 9, "image": "media/model_img/cloths/uniqueme tshirt black uni.png", "color": "Black", "is_in_stock": true, "in_stocks": 37, "is_on_sale": true, "og_price": 670, "price": 490, "stars": 4.0, "is_recommend": true, "gender": "Unisex", "cloth_type": "T-shirt", "size": "Xl"}}, {"model": "products.cloth", "pk": 58, "fields": {"title": "Uniqueme T-Shirt Unisex (S) (Orange)", "brand": 9, "image": "media/model_img/cloths/uniqueme tshirt orange uni.png", "color": "Orange", "is_in_stock": true, "in_stocks": 44, "is_on_sale": true, "og_price": 670, "price": 490, "stars": 4.0, "is_recommend": true, "gender": "Unisex", "cloth_type": "T-shirt", "size": "S"}}, {"model": "products.cloth", "pk": 59, "fields": {"title": "Uniqueme T-Shirt Unisex (M) (Orange)", "brand": 9, "image": "media/model_img/cloths/uniqueme tshirt orange uni.png", "color": "Orange", "is_in_stock": true, "in_stocks": 75, "is_on_sale": true, "og_price": 670, "price": 490, "stars": 4.0, "is_recommend": true, "gender": "Unisex", "cloth_type": "T-shirt", "size": "M"}}, {"model": "products.cloth", "pk": 60, "fields": {"title": "Uniqueme T-Shirt Unisex (L) (Orange)", "brand": 9, "image": "media/model_img/cloths/uniqueme tshirt orange uni.png", "color": "Orange", "is_in_stock": true, "in_stocks": 53, "is_on_sale": true, "og_price": 670, "price": 490, "stars": 4.0, "is_recommend": true, "gender": "Unisex", "cloth_type": "T-shirt", "size": "L"}}, {"model": "products.cloth", "pk": 61, "fields": {"title": "Uniqueme T-Shirt Unisex (XL) (Orange)", "brand": 9, "image": "media/model_img/cloths/uniqueme tshirt orange uni.png", "color": "Orange", "is_in_stock": true, "in_stocks": 12, "is_on_sale": true, "og_price": 670, "price": 490, "stars": 4.0, "is_recommend": true, "gender": "Unisex", "cloth_type": "T-shirt", "size": "Xl"}}, {"model": "order_manager.productitem", "pk": 1, "fields": {"title": "DDICE Hoodie unisex (S) (Black)", "image": "media/model_img/cloths/ddice hoodie black uni.png", "og_price": 550, "price": 550, "is_on_sale": false}}, {"model": "order_manager.productitem", "pk": 2, "fields": {"title": "DDICE Hoodie unisex (M) (Black)", "image": "media/model_img/cloths/ddice hoodie black uni.png", "og_price": 550, "price": 550, "is_on_sale": false}}, {"model": "order_manager.productitem", "pk": 3, "fields": {"title": "DDICE Hoodie unisex (L) (Black)", "image": "media/model_img/cloths/ddice hoodie black uni.png", "og_price": 550, "price": 550, "is_on_sale": false}}, {"model": "order_manager.productitem", "pk": 4, "fields": {"title": "DDICE Hoodie unisex (XL) (Black)", "image": "media/model_img/cloths/ddice hoodie black uni.png", "og_price": 550, "price": 550, "is_on_sale": false}}, {"model": "order_manager.productitem", "pk": 5, "fields": {"title": "DDICE Hoodie unisex (S) (Blue)", "image": "media/model_img/cloths/ddice hoodie blue uni.png", "og_price": 550, "price": 550, "is_on_sale": false}}, {"model": "order_manager.productitem", "pk": 6, "fields": {"title": "DDICE Hoodie unisex (M) (Blue)", "image": "media/model_img/cloths/ddice hoodie blue uni.png", "og_price": 550, "price": 550, "is_on_sale": false}}, {"model": "order_manager.productitem", "pk": 7, "fields": {"title": "DDICE Hoodie unisex (L) (Blue)", "image": "media/model_img/cloths/ddice hoodie blue uni.png", "og_price": 550, "price": 550, "is_on_sale": false}}, {"model": "order_manager.productitem", "pk": 8, "fields": {"title": "DDICE Hoodie unisex (XL) (Blue)", "image": "media/model_img/cloths/ddice hoodie blue uni.png", "og_price": 550, "price": 550, "is_on_sale": false}}, {"model": "order_manager.productitem", "pk": 9, "fields": {"title": "SuitYou Hoodie unisex (S) (Black)", "image": "media/model_img/cloths/suityou hoodie black uni.png", "og_price": 750, "price": 690, "is_on_sale": true}}, {"model": "order_manager.productitem", "pk": 10, "fields": {"title": "SuitYou Hoodie unisex (M) (Black)", "image": "media/model_img/cloths/suityou hoodie black uni.png", "og_price": 750, "price": 690, "is_on_sale": true}}, {"model": "order_manager.productitem", "pk": 11, "fields": {"title": "SuitYou Hoodie unisex (L) (Black)", "image": "media/model_img/cloths/suityou hoodie black uni.png", "og_price": 750, "price": 690, "is_on_sale": true}}, {"model": "order_manager.productitem", "pk": 12, "fields": {"title": "SuitYou Hoodie unisex (XL) (Black)", "image": "media/model_img/cloths/suityou hoodie black uni.png", "og_price": 750, "price": 690, "is_on_sale": true}}, {"model": "order_manager.productitem", "pk": 13, "fields": {"title": "SuitYou Hoodie unisex (S) (Red)", "image": "media/model_img/cloths/suityou hoodie red uni.png", "og_price": 750, "price": 690, "is_on_sale": true}}, {"model": "order_manager.productitem", "pk": 14, "fields": {"title": "SuitYou Hoodie unisex (M) (Red)", "image": "media/model_img/cloths/suityou hoodie red uni.png", "og_price": 750, "price": 690, "is_on_sale": true}}, {"model": "order_manager.productitem", "pk": 15, "fields": {"title": "SuitYou Hoodie unisex (L) (Red)", "image": "media/model_img/cloths/suityou hoodie red uni.png", "og_price": 750, "price": 690, "is_on_sale": true}}, {"model": "order_manager.productitem", "pk": 16, "fields": {"title": "SuitYou Hoodie unisex (XL) (Red)", "image": "media/model_img/cloths/suityou hoodie red uni.png", "og_price": 750, "price": 690, "is_on_sale": true}}, {"model": "order_manager.productitem", "pk": 17, "fields": {"title": "SuitYou Hoodie unisex (S) (White)", "image": "media/model_img/cloths/suityou hoodie white uni.png", "og_price": 750, "price": 690, "is_on_sale": true}}, {"model": "order_manager.productitem", "pk": 18, "fields": {"title": "SuitYou Hoodie unisex (M) (White)", "image": "media/model_img/cloths/suityou hoodie white uni.png", "og_price": 750, "price": 690, "is_on_sale": true}}, {"model": "order_manager.productitem", "pk": 19, "fields": {"title": "SuitYou Hoodie unisex (L) (White)", "image": "media/model_img/cloths/suityou hoodie white uni.png", "og_price": 750, "price": 690, "is_on_sale": true}}, {"model": "order_manager.productitem", "pk": 20, "fields": {"title": "SuitYou Hoodie unisex (XL) (White)", "image": "media/model_img/cloths/suityou hoodie white uni.png", "og_price": 750, "price": 690, "is_on_sale": true}}, {"model": "order_manager.productitem", "pk": 21, "fields": {"title": "SuitYou Sweatshirt unisex (S) (Red)", "image": "media/model_img/cloths/suityou sweatshirt red uni.png", "og_price": 650, "price": 600, "is_on_sale": true}}, {"model": "order_manager.productitem", "pk": 22, "fields": {"title": "SuitYou Sweatshirt unisex (M) (Red)", "image": "media/model_img/cloths/suityou sweatshirt red uni.png", "og_price": 650, "price": 600, "is_on_sale": true}}, {"model": "order_manager.productitem", "pk": 23, "fields": {"title": "SuitYou Sweatshirt unisex (L) (Red)", "image": "media/model_img/cloths/suityou sweatshirt red uni.png", "og_price": 650, "price": 600, "is_on_sale": true}}, {"model": "order_manager.productitem", "pk": 24, "fields": {"title": "SuitYou Sweatshirt unisex (S) (Yellow)", "image": "media/model_img/cloths/suityou sweatshirt yellow uni.png", "og_price": 650, "price": 600, "is_on_sale": true}}, {"model": "order_manager.productitem", "pk": 25, "fields": {"title": "SuitYou Sweatshirt unisex (M) (Yellow)", "image": "media/model_img/cloths/suityou sweatshirt yellow uni.png", "og_price": 650, "price": 600, "is_on_sale": true}}, {"model": "order_manager.productitem", "pk": 26, "fields": {"title": "SuitYou Sweatshirt unisex (L) (Yellow)", "image": "media/model_img/cloths/suityou sweatshirt yellow uni.png", "og_price": 650, "price": 600, "is_on_sale": true}}, {"model": "order_manager.productitem", "pk": 27, "fields": {"title": "SuitYou T-Shirt Male (S) (Navi)", "image": "media/model_img/cloths/suityou tshirt navi male.png", "og_price": 840, "price": 840, "is_on_sale": false}}, {"model": "order_manager.productitem", "pk": 28, "fields": {"title": "SuitYou T-Shirt Male (M) (Navi)", "image": "media/model_img/cloths/suityou tshirt navi male.png", "og_price": 840, "price": 840, "is_on_sale": false}}, {"model": "order_manager.productitem", "pk": 29, "fields": {"title": "SuitYou T-Shirt Male (L) (Navi)", "image": "media/model_img/cloths/suityou tshirt navi male.png", "og_price": 840, "price": 840, "is_on_sale": false}}, {"model": "order_manager.productitem", "pk": 30, "fields": {"title": "SuitYou T-Shirt Male (XL) (Navi)", "image": "media/model_img/cloths/suityou tshirt navi male.png", "og_price": 840, "price": 840, "is_on_sale": false}}, {"model": "order_manager.productitem", "pk": 31, "fields": {"title": "SuitYou T-Shirt Male (S) (White)", "image": "media/model_img/cloths/suityou tshirt white male.png", "og_price": 840, "price": 840, "is_on_sale": false}}, {"model": "order_manager.productitem", "pk": 32, "fields": {"title": "SuitYou T-Shirt Male (M) (White)", "image": "media/model_img/cloths/suityou tshirt white male.png", "og_price": 840, "price": 840, "is_on_sale": false}}, {"model": "order_manager.productitem", "pk": 33, "fields": {"title": "SuitYou T-Shirt Male (L) (White)", "image": "media/model_img/cloths/suityou tshirt white male.png", "og_price": 840, "price": 840, "is_on_sale": false}}, {"model": "order_manager.productitem", "pk": 34, "fields": {"title": "SuitYou T-Shirt Male (XL) (White)", "image": "media/model_img/cloths/suityou tshirt white male.png", "og_price": 840, "price": 840, "is_on_sale": false}}, {"model": "order_manager.productitem", "pk": 35, "fields": {"title": "Uniqueme Hoodie Unisex (S) (Green)", "image": "media/model_img/cloths/uniqueme hoodie green uni.png", "og_price": 570, "price": 570, "is_on_sale": false}}, {"model": "order_manager.productitem", "pk": 36, "fields": {"title": "Uniqueme Hoodie Unisex (M) (Green)", "image": "media/model_img/cloths/uniqueme hoodie green uni.png", "og_price": 570, "price": 570, "is_on_sale": false}}, {"model": "order_manager.productitem", "pk": 37, "fields": {"title": "Uniqueme Hoodie Unisex (L) (Green)", "image": "media/model_img/cloths/uniqueme hoodie green uni.png", "og_price": 570, "price": 570, "is_on_sale": false}}, {"model": "order_manager.productitem", "pk": 38, "fields": {"title": "Uniqueme Hoodie Unisex (XL) (Green)", "image": "media/model_img/cloths/uniqueme hoodie green uni.png", "og_price": 570, "price": 570, "is_on_sale": false}}, {"model": "order_manager.productitem", "pk": 39, "fields": {"title": "Uniqueme Hoodie Unisex (S) (White)", "image": "media/model_img/cloths/uniqueme hoodie white uni.png", "og_price": 570, "price": 570, "is_on_sale": false}}, {"model": "order_manager.productitem", "pk": 40, "fields": {"title": "Uniqueme Hoodie Unisex (M) (White)", "image": "media/model_img/cloths/uniqueme hoodie white uni.png", "og_price": 570, "price": 570, "is_on_sale": false}}, {"model": "order_manager.productitem", "pk": 41, "fields": {"title": "Uniqueme Hoodie Unisex (L) (White)", "image": "media/model_img/cloths/uniqueme hoodie white uni.png", "og_price": 570, "price": 570, "is_on_sale": false}}, {"model": "order_manager.productitem", "pk": 42, "fields": {"title": "Uniqueme Hoodie Unisex (XL) (White)", "image": "media/model_img/cloths/uniqueme hoodie white uni.png", "og_price": 570, "price": 570, "is_on_sale": false}}, {"model": "order_manager.productitem", "pk": 43, "fields": {"title": "Uniqueme Sleeveless Female (S) (Black)", "image": "media/model_img/cloths/uniqueme sleeveless black female.png", "og_price": 690, "price": 690, "is_on_sale": false}}, {"model": "order_manager.productitem", "pk": 44, "fields": {"title": "Uniqueme Sleeveless Female (M) (Black)", "image": "media/model_img/cloths/uniqueme sleeveless black female.png", "og_price": 690, "price": 690, "is_on_sale": false}}, {"model": "order_manager.productitem", "pk": 45, "fields": {"title": "Uniqueme Sleeveless Female (L) (Black)", "image": "media/model_img/cloths/uniqueme sleeveless black female.png", "og_price": 690, "price": 690, "is_on_sale": false}}, {"model": "order_manager.productitem", "pk": 46, "fields": {"title": "Uniqueme Sleeveless Female (XL) (Black)", "image": "media/model_img/cloths/uniqueme sleeveless black female.png", "og_price": 690, "price": 690, "is_on_sale": false}}, {"model": "order_manager.productitem", "pk": 47, "fields": {"title": "Uniqueme Sleeveless Female (S) (Grey)", "image": "media/model_img/cloths/uniqueme sleeveless grey female.png", "og_price": 690, "price": 690, "is_on_sale": false}}, {"model": "order_manager.productitem", "pk": 48, "fields": {"title": "Uniqueme Sleeveless Female (M) (Grey)", "image": "media/model_img/cloths/uniqueme sleeveless grey female.png", "og_price": 690, "price": 690, "is_on_sale": false}}, {"model": "order_manager.productitem", "pk": 49, "fields": {"title": "Uniqueme Sleeveless Female (L) (Grey)", "image": "media/model_img/cloths/uniqueme sleeveless grey female.png", "og_price": 690, "price": 690, "is_on_sale": false}}, {"model": "order_manager.productitem", "pk": 50, "fields": {"title": "Uniqueme Sleeveless Female (XL) (Grey)", "image": "media/model_img/cloths/uniqueme sleeveless grey female.png", "og_price": 690, "price": 690, "is_on_sale": false}}, {"model": "order_manager.productitem", "pk": 51, "fields": {"title": "Uniqueme Sweatshirt Female (S) (Tiedye)", "image": "media/model_img/cloths/uniqueme sweatshirt tiedye female.png", "og_price": 1200, "price": 599, "is_on_sale": true}}, {"model": "order_manager.productitem", "pk": 52, "fields": {"title": "Uniqueme Sweatshirt Female (M) (Tiedye)", "image": "media/model_img/cloths/uniqueme sweatshirt tiedye female.png", "og_price": 1200, "price": 599, "is_on_sale": true}}, {"model": "order_manager.productitem", "pk": 53, "fields": {"title": "Uniqueme Sweatshirt Female (L) (Tiedye)", "image": "media/model_img/cloths/uniqueme sweatshirt tiedye female.png", "og_price": 1200, "price": 599, "is_on_sale": true}}, {"model": "order_manager.productitem", "pk": 54, "fields": {"title": "Uniqueme T-Shirt Unisex (S) (BLack)", "image": "media/model_img/cloths/uniqueme tshirt black uni.png", "og_price": 670, "price": 490, "is_on_sale": true}}, {"model": "order_manager.productitem", "pk": 55, "fields": {"title": "Uniqueme T-Shirt Unisex (M) (Black)", "image": "media/model_img/cloths/uniqueme tshirt black uni.png", "og_price": 670, "price": 490, "is_on_sale": true}}, {"model": "order_manager.productitem", "pk": 56, "fields": {"title": "Uniqueme T-Shirt Unisex (L) (Black)", "image": "media/model_img/cloths/uniqueme tshirt black uni.png", "og_price": 670, "price": 490, "is_on_sale": true}}, {"model": "order_manager.productitem", "pk": 57, "fields": {"title": "Uniqueme T-Shirt Unisex (XL) (Black)", "image": "media/model_img/cloths/uniqueme tshirt black uni.png", "og_price": 670, "price": 490, "is_on_sale": true}}, {"model": "order_manager.productitem", "pk": 58, "fields": {"title": "Uniqueme T-Shirt Unisex (S) (Orange)", "image": "media/model_img/cloths/uniqueme tshirt orange uni.png", "og_price": 670, "price": 490, "is_on_sale": true}}, {"model": "order_manager.productitem", "pk": 59, "fields": {"title": "Uniqueme T-Shirt Unisex (M) (Orange)", "image": "media/model_img/cloths/uniqueme tshirt orange uni.png", "og_price": 670, "price": 490, "is_on_sale": true}}, {"model": "order_manager.productitem", "pk": 60, "fields": {"title": "Uniqueme T-Shirt Unisex (L) (Orange)", "image": "media/model_img/cloths/uniqueme tshirt orange uni.png", "og_price": 670, "price": 490, "is_on_sale": true}}, {"model": "order_manager.productitem", "pk": 61, "fields": {"title": "Uniqueme T-Shirt Unisex (XL) (Orange)", "image": "media/model_img/cloths/uniqueme tshirt orange uni.png", "og_price": 670, "price": 490, "is_on_sale": true}}, {"model": "order_manager.productitem", "pk": 62, "fields": {"title": "Desktop PC KG Designer k0 including monitor (Black)", "image": "media/model_img/computers/kg designer k0 desktop with monitor black.png", "og_price": 15800, "price": 15800, "is_on_sale": false}}, {"model": "order_manager.productitem", "pk": 63, "fields": {"title": "Desktop PC KG Designer k5 including monitor (Black)", "image": "media/model_img/computers/kg designer k0 desktop with monitor black.png", "og_price": 20800, "price": 20800, "is_on_sale": false}}, {"model": "order_manager.productitem", "pk": 64, "fields": {"title": "14 inches Laptop KG Designer kg014 (Black)", "image": "media/model_img/computers/kg designer kg0 laptop14 black.png", "og_price": 30500, "price": 25900, "is_on_sale": true}}, {"model": "order_manager.productitem", "pk": 65, "fields": {"title": "14 inches Laptop KG Designer kg514 (Black)", "image": "media/model_img/computers/kg designer kg0 laptop14 black.png", "og_price": 32500, "price": 29900, "is_on_sale": true}}, {"model": "order_manager.productitem", "pk": 66, "fields": {"title": "14 inches Laptop KG Designer kg714 (Black)", "image": "media/model_img/computers/kg designer kg0 laptop14 black.png", "og_price": 34500, "price": 31900, "is_on_sale": true}}, {"model": "order_manager.productitem", "pk": 67, "fields": {"title": "15.6 inches Laptop KG Designer kg015 (Black)", "image": "media/model_img/computers/kg designer kg0 laptop156 black.png", "og_price": 28500, "price": 23900, "is_on_sale": true}}, {"model": "order_manager.productitem", "pk": 68, "fields": {"title": "15.6 inches Laptop KG Designer kg515 (Black)", "image": "media/model_img/computers/kg designer kg0 laptop156 black.png", "og_price": 30500, "price": 27900, "is_on_sale": true}}, {"model": "order_manager.productitem", "pk": 69, "fields": {"title": "15.6 inches Laptop KG Designer kg715 (Black)", "image": "media/model_img/computers/kg designer kg0 laptop156 black.png", "og_price": 32500, "price": 29900, "is_on_sale": true}}, {"model": "order_manager.productitem", "pk": 70, "fields": {"title": "15.6 inches Laptop KG Designer kg015 (White)", "image": "media/model_img/computers/kg designer kg0 laptop156 white.png", "og_price": 28500, "price": 23900, "is_on_sale": true}}, {"model": "order_manager.productitem", "pk": 71, "fields": {"title": "15.6 inches Laptop KG Designer kg515 (White)", "image": "media/model_img/computers/kg designer kg0 laptop156 white.png", "og_price": 30500, "price": 27900, "is_on_sale": true}}, {"model": "order_manager.productitem", "pk": 72, "fields": {"title": "15.6 inches Laptop KG Designer kg715 (White)", "image": "media/model_img/computers/kg designer kg0 laptop156 white.png", "og_price": 32500, "price": 29900, "is_on_sale": true}}, {"model": "order_manager.productitem", "pk": 73, "fields": {"title": "Desktop PC Orange Ranger G5 (Black)", "image": "media/model_img/computers/orange ranger g5 desktop black.png", "og_price": 44000, "price": 44000, "is_on_sale": false}}, {"model": "order_manager.productitem", "pk": 74, "fields": {"title": "Desktop PC Orange Ranger G7 (Black)", "image": "media/model_img/computers/orange ranger g5 desktop black.png", "og_price": 45900, "price": 45900, "is_on_sale": false}}, {"model": "order_manager.productitem", "pk": 75, "fields": {"title": "Desktop PC Orange Ranger G9 (Black)", "image": "media/model_img/computers/orange ranger g5 desktop black.png", "og_price": 47900, "price": 47900, "is_on_sale": false}}, {"model": "order_manager.productitem", "pk": 76, "fields": {"title": "Desktop PC Orange Ranger G5 (White)", "image": "media/model_img/computers/orange ranger g5 desktop white.png", "og_price": 44000, "price": 44000, "is_on_sale": false}}, {"model": "order_manager.productitem", "pk": 77, "fields": {"title": "Desktop PC Orange Ranger G7 (White)", "image": "media/model_img/computers/orange ranger g5 desktop white.png", "og_price": 45900, "price": 45900, "is_on_sale": false}}, {"model": "order_manager.productitem", "pk": 78, "fields": {"title": "Desktop PC Orange Ranger G9 (White)", "image": "media/model_img/computers/orange ranger g5 desktop white.png", "og_price": 47900, "price": 47900, "is_on_sale": false}}, {"model": "order_manager.productitem", "pk": 79, "fields": {"title": "14 inches Laptop Orange Sour o7 (White)", "image": "media/model_img/computers/orange sour o7 laptop14 white.png", "og_price": 45800, "price": 44900, "is_on_sale": true}}, {"model": "order_manager.productitem", "pk": 80, "fields": {"title": "14 inches Laptop Orange Sour o9 (White)", "image": "media/model_img/computers/orange sour o7 laptop14 white.png", "og_price": 47800, "price": 46900, "is_on_sale": true}}, {"model": "order_manager.productitem", "pk": 81, "fields": {"title": "15.6 inches Laptop Orange Sour o7 (Black)", "image": "media/model_img/computers/orange sour o7 laptop156 black.png", "og_price": 44800, "price": 43900, "is_on_sale": true}}, {"model": "order_manager.productitem", "pk": 82, "fields": {"title": "15.6 inches Laptop Orange Sour o9 (Black)", "image": "media/model_img/computers/orange sour o7 laptop156 black.png", "og_price": 46800, "price": 45900, "is_on_sale": true}}, {"model": "order_manager.productitem", "pk": 83, "fields": {"title": "15.6 inches Laptop Orange Sour o7 (White)", "image": "media/model_img/computers/orange sour o7 laptop156 white.png", "og_price": 44800, "price": 43900, "is_on_sale": true}}, {"model": "order_manager.productitem", "pk": 84, "fields": {"title": "15.6 inches Laptop Orange Sour o9 (White)", "image": "media/model_img/computers/orange sour o7 laptop156 white.png", "og_price": 46800, "price": 45900, "is_on_sale": true}}, {"model": "order_manager.productitem", "pk": 85, "fields": {"title": "16 inches Laptop Orange Sweet o9 (White)", "image": "media/model_img/computers/orange sweet o9 laptop16 white.png", "og_price": 55000, "price": 53900, "is_on_sale": true}}, {"model": "order_manager.productitem", "pk": 86, "fields": {"title": "15.6 inches Laptop Orange Sweet o9 (White)", "image": "media/model_img/computers/orange sweet o9 laptop156 white.png", "og_price": 52000, "price": 49900, "is_on_sale": true}}, {"model": "order_manager.productitem", "pk": 87, "fields": {"title": "Desktop PC Zeus Lighting ZL03 (Black)", "image": "media/model_img/computers/zeus lighting zl desktop black.png", "og_price": 22500, "price": 22500, "is_on_sale": false}}, {"model": "order_manager.productitem", "pk": 88, "fields": {"title": "Desktop PC Zeus Lighting ZL05 (Black)", "image": "media/model_img/computers/zeus lighting zl desktop black.png", "og_price": 23700, "price": 23700, "is_on_sale": false}}, {"model": "order_manager.productitem", "pk": 89, "fields": {"title": "Desktop PC Zeus Lighting ZL03 (Blue)", "image": "media/model_img/computers/zeus lighting zl desktop blue.png", "og_price": 22500, "price": 22500, "is_on_sale": false}}, {"model": "order_manager.productitem", "pk": 90, "fields": {"title": "Desktop PC Zeus Lighting ZL05 (Blue)", "image": "media/model_img/computers/zeus lighting zl desktop blue.png", "og_price": 23700, "price": 23700, "is_on_sale": false}}, {"model": "order_manager.productitem", "pk": 91, "fields": {"title": "16 inches Laptop Zeus Ocean z7 (White)", "image": "media/model_img/computers/zeus ocean z7 laptop16 white.png", "og_price": 36000, "price": 36000, "is_on_sale": false}}, {"model": "order_manager.productitem", "pk": 92, "fields": {"title": "15.6 inches Laptop Zeus Ocean z7 (White)", "image": "media/model_img/computers/zeus ocean z7 laptop156 white.png", "og_price": 33000, "price": 33000, "is_on_sale": false}}, {"model": "order_manager.productitem", "pk": 93, "fields": {"title": "Desktop PC Zeus Thunder ZT (White)", "image": "media/model_img/computers/zeus thunder zt desktop with monitor white.png", "og_price": 89800, "price": 79000, "is_on_sale": false}}, {"model": "order_manager.productitem", "pk": 94, "fields": {"title": "Earphone Birdblue Aux3.5 2M including mic (Black)", "image": "media/model_img/headphones/birdblue headphone aux35 in ear black with mic.png", "og_price": 200, "price": 149, "is_on_sale": true}}, {"model": "order_manager.productitem", "pk": 95, "fields": {"title": "Headphone Birdblue Aux3.5 3M (Black)", "image": "media/model_img/headphones/birdblue headphone aux35 on ear black.png", "og_price": 560, "price": 560, "is_on_sale": false}}, {"model": "order_manager.productitem", "pk": 96, "fields": {"title": "Headset Birdblue Aux3.5 3M (White)", "image": "media/model_img/headphones/birdblue headphone aux35 over ear white with mic.png", "og_price": 2100, "price": 1890, "is_on_sale": true}}, {"model": "order_manager.productitem", "pk": 97, "fields": {"title": "Bluetooth Headphone Birdblue 3M (Black)", "image": "media/model_img/headphones/birdblue headphone bluetooth on ear black.png", "og_price": 880, "price": 880, "is_on_sale": false}}, {"model": "order_manager.productitem", "pk": 98, "fields": {"title": "Bluetooth Headphone Birdblue 3M (Blue)", "image": "media/model_img/headphones/birdblue headphone bluetooth on ear blue.png", "og_price": 880, "price": 880, "is_on_sale": false}}, {"model": "order_manager.productitem", "pk": 99, "fields": {"title": "Earphone Birdblue USB Type-c 2M including mic (Blue)", "image": "media/model_img/headphones/birdblue headphone typec in ear blue with mic.png", "og_price": 200, "price": 149, "is_on_sale": true}}, {"model": "order_manager.productitem", "pk": 100, "fields": {"title": "Headset Birdblue USB3.0 3M (Blue)", "image": "media/model_img/headphones/birdblue headphone usb3 over ear blue with mic.png", "og_price": 2500, "price": 2190, "is_on_sale": true}}, {"model": "order_manager.productitem", "pk": 101, "fields": {"title": "Headphone Birdblue USB Type-c 3M", "image": "media/model_img/headphones/birdblue headphone usbc on ear black.png", "og_price": 560, "price": 560, "is_on_sale": false}}, {"model": "order_manager.productitem", "pk": 102, "fields": {"title": "Bluetooth Headphone Heartbeat 3.5M (Pink)", "image": "media/model_img/headphones/heartbeat headphone bluetooth on ear pink.png", "og_price": 1200, "price": 990, "is_on_sale": true}}, {"model": "order_manager.productitem", "pk": 103, "fields": {"title": "Bluetooth Headphone Heartbeat 3.5M (Red)", "image": "media/model_img/headphones/heartbeat headphone bluetooth on ear red.png", "og_price": 1200, "price": 990, "is_on_sale": true}}, {"model": "order_manager.productitem", "pk": 104, "fields": {"title": "Bluetooth Headphone Heartbeat 3.5M (White)", "image": "media/model_img/headphones/heartbeat headphone bluetooth on ear white.png", "og_price": 1200, "price": 990, "is_on_sale": true}}, {"model": "order_manager.productitem", "pk": 105, "fields": {"title": "DoLL X10 (3Gb + 64Gb) Black", "image": "media/model_img/smartphones/doll x10 black.png", "og_price": 7100, "price": 6700, "is_on_sale": true}}, {"model": "order_manager.productitem", "pk": 106, "fields": {"title": "DoLL X10 (3Gb + 64Gb) White", "image": "media/model_img/smartphones/doll x10 white.png", "og_price": 7100, "price": 6700, "is_on_sale": true}}, {"model": "order_manager.productitem", "pk": 107, "fields": {"title": "DoLL X11 (4Gb + 64Gb) Black", "image": "media/model_img/smartphones/doll x11 black.png", "og_price": 8800, "price": 7900, "is_on_sale": true}}, {"model": "order_manager.productitem", "pk": 108, "fields": {"title": "DoLL X11 (4Gb + 64Gb) White", "image": "media/model_img/smartphones/doll x11 white.png", "og_price": 8800, "price": 7900, "is_on_sale": true}}, {"model": "order_manager.productitem", "pk": 109, "fields": {"title": "Orange Pad OR19 (6Gb + 32Gb)", "image": "media/model_img/smartphones/orange or19 tablet orange.png", "og_price": 12800, "price": 11900, "is_on_sale": true}}, {"model": "order_manager.productitem", "pk": 110, "fields": {"title": "Orange OR20 (8Gb + 128Gb)", "image": "media/model_img/smartphones/orange or20 orange.png", "og_price": 17900, "price": 17900, "is_on_sale": false}}, {"model": "order_manager.productitem", "pk": 111, "fields": {"title": "Ros S16 (4Gb + 128Gb) Red", "image": "media/model_img/smartphones/rose s16 red.png", "og_price": 10900, "price": 10900, "is_on_sale": false}}, {"model": "order_manager.productitem", "pk": 112, "fields": {"title": "Ros S16 (4Gb + 128Gb) White", "image": "media/model_img/smartphones/rose s16 white.png", "og_price": 10900, "price": 10900, "is_on_sale": false}}, {"model": "order_manager.orderproductitem", "pk": 10, "fields": {"user": 1, "ordered": false, "prod_item": 20, "quantity": 1}}, {"model": "order_manager.orderproductitem", "pk": 11, "fields": {"user": 1, "ordered": false, "prod_item": 107, "quantity": 2}}, {"model": "order_manager.orderproductitem", "pk": 12, "fields": {"user": 1, "ordered": false, "prod_item": 73, "quantity": 1}}, {"model": "order_manager.orderproductitem", "pk": 13, "fields": {"user": 1, "ordered": false, "prod_item": 96, "quantity": 3}}, {"model": "order_manager.orderproductitem", "pk": 14, "fields": {"user": 1, "ordered": false, "prod_item": 65, "quantity": 4}}, {"model": "order_manager.order", "pk": 7, "fields": {"user": 1, "start_date": "2023-10-05T03:19:08.366Z", "ordered_date": "2023-10-05T03:19:08.365Z", "ordered": true, "items": [11, 13, 14]}}, {"model": "order_manager.address", "pk": 1, "fields": {"user": 1, "street_address": "1234 test", "apartment_address": "", "zip": "12345", "address_type": "S", "default": true}}]