[{"model": "ecommerce.category", "pk": 1, "fields": {"image": "static/img/categories/Laptop.webp", "name": "Laptop", "description": "Laptops combine many of the input output components and capabilities of a desktop computer into a single unit, including a display screen (usually 11 to 17 in", "filter_field": "theme,cpu_brand,gpu_brand,ram,storage,storage_type,os,resolution,refresh_rate,color", "detail_field": "brand,theme,cpu,gpu,ram,bus,storage,storage_type,os,resolution,refresh_rate,size,weight,color"}}, {"model": "ecommerce.category", "pk": 2, "fields": {"image": "static/img/categories/Cloth.webp", "name": "Cloth", "description": "Clothing is any item worn on the body. Typically, clothing is made of fabrics or textiles, but over time it has included garments made from animal skin and ...", "filter_field": "color", "detail_field": "color"}}, {"model": "ecommerce.brand", "pk": 1, "fields": {"image": "static/img/brands/Asus.webp", "name": "Asus", "description": "ASUS is a Taiwan-based, multinational computer hardware and consumer electronics company that was established in 1989."}}, {"model": "ecommerce.brand", "pk": 2, "fields": {"image": "static/img/brands/Lenovo.webp", "name": "Lenovo", "description": "Lenovo Group Limited, trading as Lenovo is a Chinese multinational technology company specializing in designing, manufacturing, and marketing consumer"}}, {"model": "ecommerce.brand", "pk": 3, "fields": {"image": "static/img/brands/Uniqlo.webp", "name": "Uniqlo", "description": "The company makes T-shirts, jeans, and casual wear for both women and men. It is owned by Fast Retailing, a Yamaguchi based company. UNIQLO Co., Ltd. Industry"}}, {"model": "ecommerce.productcarousel", "pk": 34, "fields": {"image": "static/img/products/AIRism_Cotton_Crew_Neck_TShirt_2.png"}}, {"model": "ecommerce.productcarousel", "pk": 35, "fields": {"image": "static/img/products/AIRism_Cotton_Crew_Neck_TShirt_3.png"}}, {"model": "ecommerce.productcarousel", "pk": 36, "fields": {"image": "static/img/products/AIRism_Cotton_Crew_Neck_TShirt_Striped_2.png"}}, {"model": "ecommerce.productcarousel", "pk": 37, "fields": {"image": "static/img/products/Dry_Color_Crew_Neck_Tshirt_2.png"}}, {"model": "ecommerce.productcarousel", "pk": 38, "fields": {"image": "static/img/products/Dry_Color_Crew_Neck_Tshirt_3.png"}}, {"model": "ecommerce.productcarousel", "pk": 39, "fields": {"image": "static/img/products/ROG_Flow_Z13_2025_GZ302_1.webp"}}, {"model": "ecommerce.productcarousel", "pk": 40, "fields": {"image": "static/img/products/ROG_Flow_Z13_2025_GZ302_2.webp"}}, {"model": "ecommerce.productcarousel", "pk": 41, "fields": {"image": "static/img/products/ROG_Flow_Z13_2025_GZ302_3.webp"}}, {"model": "ecommerce.productcarousel", "pk": 42, "fields": {"image": "static/img/products/ROG_Flow_Z13_2025_GZ302_4.webp"}}, {"model": "ecommerce.productcarousel", "pk": 43, "fields": {"image": "static/img/products/ROG_Strix_SCAR_18_2025_G835_2.webp"}}, {"model": "ecommerce.productcarousel", "pk": 44, "fields": {"image": "static/img/products/ROG_Strix_SCAR_18_2025_G835_3.webp"}}, {"model": "ecommerce.productcarousel", "pk": 45, "fields": {"image": "static/img/products/ROG_Strix_SCAR_18_2025_G835_4.webp"}}, {"model": "ecommerce.productcarousel", "pk": 46, "fields": {"image": "static/img/products/ROG_Strix_SCAR_18_2025_G835_5.webp"}}, {"model": "ecommerce.productcarousel", "pk": 47, "fields": {"image": "static/img/products/ROG_Strix_SCAR_18_2025_G835_6.webp"}}, {"model": "ecommerce.productcarousel", "pk": 48, "fields": {"image": "static/img/products/ROG_Strix_SCAR_18_2025_G835_7.webp"}}, {"model": "ecommerce.productcarousel", "pk": 49, "fields": {"image": "static/img/products/ROG_Zephyrus_G14_2025__GA403_2.webp"}}, {"model": "ecommerce.productcarousel", "pk": 50, "fields": {"image": "static/img/products/ROG_Zephyrus_G14_2025__GA403_3.webp"}}, {"model": "ecommerce.productcarousel", "pk": 51, "fields": {"image": "static/img/products/ROG_Zephyrus_G14_2025__GA403_white_2.webp"}}, {"model": "ecommerce.productcarousel", "pk": 52, "fields": {"image": "static/img/products/ROG_Zephyrus_G14_2025__GA403_white_3.webp"}}, {"model": "ecommerce.productcarousel", "pk": 53, "fields": {"image": "static/img/products/ThinkPad_X1_Carbon_Gen_12_2.webp"}}, {"model": "ecommerce.productcarousel", "pk": 54, "fields": {"image": "static/img/products/ThinkPad_X1_Carbon_Gen_12_3.webp"}}, {"model": "ecommerce.product", "pk": 5, "fields": {"image": "static/img/products/AIRism_Cotton_Crew_Neck_TShirt.png", "created_at": "2025-03-14T05:17:54.824Z", "updated_at": "2025-03-14T05:17:54.824Z", "name": "Uniqlo AIRism Cotton Crew Neck T-Shirt", "short_name": "AIRism Cotton Crew Neck T-Shirt", "description": "Machine wash cold, gentle cycle, Do not Dry Clean, Do not tumble dry.", "short_description": "Machine wash cold, gentle cycle, Do not Dry Clean, Do not tumble dry.", "category": 2, "brand": 3, "original_price": 11.58, "current_price": 11.58, "available_quantity": 25, "theme": "", "cpu": "", "cpu_brand": "", "gpu": "", "gpu_brand": "", "ram": "", "bus": null, "storage": "", "storage_type": "", "os": "", "resolution": "", "refresh_rate": null, "size": null, "weight": null, "color": "Grey", "carousel": [34, 35], "review": []}}, {"model": "ecommerce.product", "pk": 6, "fields": {"image": "static/img/products/AIRism_Cotton_Crew_Neck_TShirt_Striped.png", "created_at": "2025-03-14T05:19:48.318Z", "updated_at": "2025-03-14T05:19:48.318Z", "name": "Uniqlo AIRism Cotton Crew Neck T-Shirt Striped", "short_name": "AIRism Cotton Crew Neck T-Shirt Striped", "description": "Perfect for layering.", "short_description": "Perfect for layering.", "category": 2, "brand": 3, "original_price": 11.58, "current_price": 11.58, "available_quantity": 70, "theme": "", "cpu": "", "cpu_brand": "", "gpu": "", "gpu_brand": "", "ram": "", "bus": null, "storage": "", "storage_type": "", "os": "", "resolution": "", "refresh_rate": null, "size": null, "weight": null, "color": "White", "carousel": [36], "review": []}}, {"model": "ecommerce.product", "pk": 7, "fields": {"image": "static/img/products/Dry_Color_Crew_Neck_Tshirt.png", "created_at": "2025-03-14T05:20:45.092Z", "updated_at": "2025-03-14T05:20:45.092Z", "name": "Uniqlo Dry Color Crew Neck T-shirt", "short_name": "Dry Color Crew Neck T-shirt", "description": "Basic fit, perfect for wearing alone or as an inner layer.", "short_description": "Basic fit, perfect for wearing alone or as an inner layer.", "category": 2, "brand": 3, "original_price": 5.64, "current_price": 5.64, "available_quantity": 40, "theme": "", "cpu": "", "cpu_brand": "", "gpu": "", "gpu_brand": "", "ram": "", "bus": null, "storage": "", "storage_type": "", "os": "", "resolution": "", "refresh_rate": null, "size": null, "weight": null, "color": "Green", "carousel": [37, 38], "review": []}}, {"model": "ecommerce.product", "pk": 8, "fields": {"image": "static/img/products/U_AIRism_Cotton_Oversized_Crew_Neck_TShirt.png", "created_at": "2025-03-14T05:22:41.486Z", "updated_at": "2025-03-14T05:22:41.486Z", "name": "Uniqlo U AIRism Cotton Oversized Crew Neck T-Shirt Half Sleeve", "short_name": "U AIRism Cotton Oversized Crew Neck T-Shirt Half Sleeve", "description": "Machine wash cold, Dry Clean, Do not tumble dry.", "short_description": "Machine wash cold, Dry Clean, Do not tumble dry.", "category": 2, "brand": 3, "original_price": 17.52, "current_price": 16.41, "available_quantity": 71, "theme": "", "cpu": "", "cpu_brand": "", "gpu": "", "gpu_brand": "", "ram": "", "bus": null, "storage": "", "storage_type": "", "os": "", "resolution": "", "refresh_rate": null, "size": null, "weight": null, "color": "Black", "carousel": [], "review": []}}, {"model": "ecommerce.product", "pk": 9, "fields": {"image": "static/img/products/IdeaPad_Pro_5i.webp", "created_at": "2025-03-14T05:27:34.975Z", "updated_at": "2025-03-14T05:27:34.975Z", "name": "Lenovo IdeaPad Pro 5i (14, Gen 9)", "short_name": "IdeaPad Pro 5i (14, Gen 9)", "description": "The Smarter Choice for Power", "short_description": "The Smarter Choice for Power", "category": 1, "brand": 2, "original_price": 1084.69, "current_price": 919.83, "available_quantity": 200, "theme": "IdeaPad", "cpu": "Ultra 5 125H", "cpu_brand": "Intel", "gpu": "Integrated Graphics", "gpu_brand": "Intel", "ram": "16GB x 1 DDR5", "bus": 5600, "storage": "512GB NVMe", "storage_type": "ssd", "os": "Windows 11 Home", "resolution": "2880 x 1800 (IPS)", "refresh_rate": 120, "size": 14.0, "weight": 1.34, "color": "Grey", "carousel": [], "review": []}}, {"model": "ecommerce.product", "pk": 10, "fields": {"image": "static/img/products/Legion_7i.webp", "created_at": "2025-03-14T05:29:43.761Z", "updated_at": "2025-03-14T05:29:43.762Z", "name": "Lenovo Legion 7i (16, Gen 9)", "short_name": "Legion 7i (16, Gen 9)", "description": "Elevate Your Game", "short_description": "Elevate Your Game", "category": 1, "brand": 2, "original_price": 2266.77, "current_price": 1754.62, "available_quantity": 24, "theme": "Legion", "cpu": "i7-14700HX", "cpu_brand": "Intel", "gpu": "RTX4060", "gpu_brand": "Nvidia", "ram": "8GB x 2 DDR5", "bus": 6000, "storage": "512GB NVMe", "storage_type": "ssd", "os": "Windows 11 Home", "resolution": "2560 x 1600 (IPS)", "refresh_rate": 240, "size": 16.0, "weight": 1.76, "color": "White", "carousel": [], "review": []}}, {"model": "ecommerce.product", "pk": 11, "fields": {"image": "static/img/products/ROG_Flow_Z13_2025_GZ302.webp", "created_at": "2025-03-14T05:34:01.857Z", "updated_at": "2025-03-14T05:34:01.857Z", "name": "Asus ROG Flow Z13 (2025) GZ302  GZ302EA-RU087WA", "short_name": "ROG Flow Z13 (2025) GZ302  GZ302EA-RU087WA", "description": "Compact is the new impact", "short_description": "Compact is the new impact", "category": 1, "brand": 1, "original_price": 2375.21, "current_price": 2375.21, "available_quantity": 66, "theme": "ROG", "cpu": "Ryzen AI MAX 395", "cpu_brand": "AMD", "gpu": "Integrated Graphics", "gpu_brand": "AMD", "ram": "16GB x 2 DDR5", "bus": 8000, "storage": "1TB NVMe", "storage_type": "ssd", "os": "Windows 11 Home", "resolution": "2560 x 1600 (IPS)", "refresh_rate": 180, "size": 13.4, "weight": 1.14, "color": "Black", "carousel": [39, 40, 41, 42], "review": []}}, {"model": "ecommerce.product", "pk": 12, "fields": {"image": "static/img/products/ROG_Strix_SCAR_18_2025_G835.webp", "created_at": "2025-03-14T05:40:23.563Z", "updated_at": "2025-03-14T05:40:23.563Z", "name": "Asus ROG Strix SCAR 18 (2025) G835", "short_name": "ROG Strix SCAR 18 (2025) G835", "description": "Victory, accelerated.", "short_description": "Victory, accelerated.", "category": 1, "brand": 1, "original_price": 4453.78, "current_price": 4453.78, "available_quantity": 19, "theme": "ROG", "cpu": "Ultra 9 275HX", "cpu_brand": "Intel", "gpu": "RTX5080", "gpu_brand": "Nvidia", "ram": "32GB x 2 DDR5", "bus": 5600, "storage": "2TB NVMe", "storage_type": "ssd", "os": "Windows 11 Home", "resolution": "2560 x 1600 (IPS)", "refresh_rate": 240, "size": 15.6, "weight": 3.3, "color": "Black", "carousel": [43, 44, 45, 46, 47, 48], "review": []}}, {"model": "ecommerce.product", "pk": 13, "fields": {"image": "static/img/products/ROG_Zephyrus_G14_2025__GA403.webp", "created_at": "2025-03-14T05:44:00.573Z", "updated_at": "2025-03-14T05:59:29.239Z", "name": "Asus ROG Zephyrus G14 (2025) GA403UP", "short_name": "ROG Zephyrus G14 (2025) GA403UP", "description": "Performance Meets Precision", "short_description": "Performance Meets Precision", "category": 1, "brand": 1, "original_price": 29693.83, "current_price": 29693.83, "available_quantity": 100, "theme": "ROG", "cpu": "Ryzen AI 9 HX 370", "cpu_brand": "AMD", "gpu": "RTX5070 Ti", "gpu_brand": "Nvidia", "ram": "32GB x 1 DDR5", "bus": 7500, "storage": "1TB NVMe", "storage_type": "ssd", "os": "Windows 11 Home", "resolution": "2880 x 1800 (OLED)", "refresh_rate": 120, "size": 14.0, "weight": 1.57, "color": "Grey", "carousel": [49, 50], "review": []}}, {"model": "ecommerce.product", "pk": 14, "fields": {"image": "static/img/products/ROG_Zephyrus_G14_2025__GA403_white.webp", "created_at": "2025-03-14T05:45:55.993Z", "updated_at": "2025-03-14T05:45:55.993Z", "name": "Asus ROG Zephyrus G14 (2025) GA403 White", "short_name": "ROG Zephyrus G14 (2025) GA403 White", "description": "Performance Meets Precision", "short_description": "Performance Meets Precision", "category": 1, "brand": 1, "original_price": 29693.83, "current_price": 29693.83, "available_quantity": 120, "theme": "ROG", "cpu": "Ryzen AI 9 HX 370", "cpu_brand": "AMD", "gpu": "RTX5070 Ti", "gpu_brand": "Nvidia", "ram": "32GB x 1 DDR5", "bus": 7500, "storage": "1TB NVMe", "storage_type": "ssd", "os": "Windows 11 Home", "resolution": "2880 x 1800 (OLED)", "refresh_rate": 120, "size": 14.0, "weight": 1.57, "color": "White", "carousel": [51, 52], "review": []}}, {"model": "ecommerce.product", "pk": 15, "fields": {"image": "static/img/products/ThinkPad_T490s.webp", "created_at": "2025-03-14T05:48:35.116Z", "updated_at": "2025-03-14T05:48:35.117Z", "name": "Lenovo ThinkPad T490s 14", "short_name": "ThinkPad T490s 14", "description": "Very Good", "short_description": "Very Good", "category": 1, "brand": 2, "original_price": 199.99, "current_price": 199.99, "available_quantity": 5, "theme": "ThinkPad", "cpu": "i5-8400", "cpu_brand": "Intel", "gpu": "Integrated Graphics", "gpu_brand": "Intel", "ram": "8GB x 1 DDR4", "bus": 2666, "storage": "256GB", "storage_type": "hdd", "os": "Windows 11 Pro", "resolution": "1920 x 1080 (IPS)", "refresh_rate": 60, "size": 14.0, "weight": 1.35, "color": "Black", "carousel": [], "review": []}}, {"model": "ecommerce.product", "pk": 16, "fields": {"image": "static/img/products/ThinkPad_X1_Carbon_Gen_12.webp", "created_at": "2025-03-14T05:50:53.748Z", "updated_at": "2025-03-14T05:50:53.748Z", "name": "Lenovo ThinkPad X1 Carbon Gen 12", "short_name": "ThinkPad X1 Carbon Gen 12", "description": "Your Favorite Laptop. Now With Lots More to Love.", "short_description": "Your Favorite Laptop. Now With Lots More to Love.", "category": 1, "brand": 2, "original_price": 2582.48, "current_price": 1828.31, "available_quantity": 56, "theme": "ThinkPad", "cpu": "Ultra 5 125U", "cpu_brand": "Intel", "gpu": "Integrated Graphics", "gpu_brand": "Intel", "ram": "16GB x 1 DDR5", "bus": 7500, "storage": "256GB NVMe", "storage_type": "ssd", "os": "Windows 11 Home", "resolution": "1920 x 1200 (IPS)", "refresh_rate": 60, "size": 14.0, "weight": 1.49, "color": "Black", "carousel": [53, 54], "review": []}}, {"model": "ecommerce.product", "pk": 17, "fields": {"image": "static/img/products/ThinkPad_X9_15_Aura_Edition.webp", "created_at": "2025-03-14T05:52:58.900Z", "updated_at": "2025-03-14T05:52:58.900Z", "name": "Lenovo ThinkPad X9 15 Aura Edition (15 Intel)", "short_name": "ThinkPad X9 15 Aura Edition (15 Intel)", "description": "A Tech Enthusiasts Delight", "short_description": "A Tech Enthusiasts Delight", "category": 1, "brand": 2, "original_price": 2226.8, "current_price": 1621.13, "available_quantity": 33, "theme": "ThinkPad", "cpu": "Ultra 5 226V", "cpu_brand": "Intel", "gpu": "Integrated Graphics", "gpu_brand": "Intel", "ram": "8GB x 2 DDR5", "bus": 8533, "storage": "256GB NVMe", "storage_type": "ssd", "os": "Windows 11 Pro", "resolution": "2880 x 1800 (OLED)", "refresh_rate": 120, "size": 15.3, "weight": 1.66, "color": "Grey", "carousel": [], "review": []}}, {"model": "ecommerce.product", "pk": 18, "fields": {"image": "static/img/products/Yoga_9i_2_in_1_Aura_Edition.webp", "created_at": "2025-03-14T05:55:17.691Z", "updated_at": "2025-03-14T05:55:17.691Z", "name": "Lenovo Yoga 9i 2in1 Aura Edition (14, Gen 10)", "short_name": "Yoga 9i 2in1 Aura Edition (14, Gen 10)", "description": "Create limitlessly", "short_description": "Create limitlessly", "category": 1, "brand": 2, "original_price": 1600.29, "current_price": 1535.48, "available_quantity": 77, "theme": "Yoga", "cpu": "Ultra 7 256V", "cpu_brand": "Intel", "gpu": "Integrated Graphics", "gpu_brand": "Intel", "ram": "16GB x 1 DDR5", "bus": 8533, "storage": "512GB NVMe", "storage_type": "ssd", "os": "Windows 11 Home", "resolution": "2880 x 1800 (OLED)", "refresh_rate": 120, "size": 14.0, "weight": 1.37, "color": "Grey", "carousel": [], "review": []}}, {"model": "ecommerce.product", "pk": 19, "fields": {"image": "static/img/products/Yoga_Slim_7i_Aura_Edition.png", "created_at": "2025-03-14T05:57:12.610Z", "updated_at": "2025-03-14T05:57:12.610Z", "name": "Lenovo Yoga Slim 7i Aura Edition (15, Gen 9)", "short_name": "Yoga Slim 7i Aura Edition (15, Gen 9)", "description": "Create Limitlessly", "short_description": "Create Limitlessly", "category": 1, "brand": 2, "original_price": 1481.52, "current_price": 1279.6, "available_quantity": 7, "theme": "Yoga", "cpu": "Ultra 7 256V", "cpu_brand": "Intel", "gpu": "Integrated Graphics", "gpu_brand": "Intel", "ram": "16GB x 1 DDR5", "bus": 8533, "storage": "512GB NVMe", "storage_type": "ssd", "os": "Windows 11 Home", "resolution": "2880 x 1800 (IPS)", "refresh_rate": 120, "size": 15.3, "weight": 1.4, "color": "Grey", "carousel": [], "review": []}}, {"model": "ecommerce.product", "pk": 20, "fields": {"image": "static/img/products/Yoga_Slim_7i_Aura_Edition.webp", "created_at": "2025-03-14T05:58:55.723Z", "updated_at": "2025-03-14T05:58:55.723Z", "name": "Lenovo Yoga Slim 7i Aura Edition (14, Gen 10)", "short_name": "Yoga Slim 7i Aura Edition (14, Gen 10)", "description": "Create Limitlessly", "short_description": "Create Limitlessly", "category": 1, "brand": 2, "original_price": 929.18, "current_price": 881.7, "available_quantity": 47, "theme": "Yoga", "cpu": "Ultra 5 226V", "cpu_brand": "Intel", "gpu": "Integrated Graphics", "gpu_brand": "Intel", "ram": "16GB x 1 DDR5", "bus": 8533, "storage": "512GB NVMe", "storage_type": "ssd", "os": "Windows 11 Home", "resolution": "1920 x 1200 (IPS)", "refresh_rate": 60, "size": 14.0, "weight": 1.04, "color": "Grey", "carousel": [], "review": []}}, {"model": "admin.logentry", "pk": 1, "fields": {"action_time": "2025-03-14T05:10:20.850Z", "user": 1, "content_type": 3, "object_id": "23", "object_repr": "/static/img/products/Dry_Color_Crew_Neck_Tshirt_3.png", "action_flag": 3, "change_message": ""}}, {"model": "admin.logentry", "pk": 2, "fields": {"action_time": "2025-03-14T05:10:20.850Z", "user": 1, "content_type": 3, "object_id": "22", "object_repr": "/static/img/products/Dry_Color_Crew_Neck_Tshirt_2.png", "action_flag": 3, "change_message": ""}}, {"model": "admin.logentry", "pk": 3, "fields": {"action_time": "2025-03-14T05:10:20.850Z", "user": 1, "content_type": 3, "object_id": "21", "object_repr": "/static/img/products/AIRism_Cotton_Crew_Neck_TShirt_Striped_2.png", "action_flag": 3, "change_message": ""}}, {"model": "admin.logentry", "pk": 4, "fields": {"action_time": "2025-03-14T05:10:20.850Z", "user": 1, "content_type": 3, "object_id": "20", "object_repr": "/static/img/products/AIRism_Cotton_Crew_Neck_TShirt_3.png", "action_flag": 3, "change_message": ""}}, {"model": "admin.logentry", "pk": 5, "fields": {"action_time": "2025-03-14T05:10:20.850Z", "user": 1, "content_type": 3, "object_id": "19", "object_repr": "/static/img/products/AIRism_Cotton_Crew_Neck_TShirt_2.png", "action_flag": 3, "change_message": ""}}, {"model": "admin.logentry", "pk": 6, "fields": {"action_time": "2025-03-14T05:10:20.850Z", "user": 1, "content_type": 3, "object_id": "18", "object_repr": "/static/img/products/ThinkPad_X1_Carbon_Gen_12_3.webp", "action_flag": 3, "change_message": ""}}, {"model": "admin.logentry", "pk": 7, "fields": {"action_time": "2025-03-14T05:10:20.850Z", "user": 1, "content_type": 3, "object_id": "17", "object_repr": "/static/img/products/ThinkPad_X1_Carbon_Gen_12_2.webp", "action_flag": 3, "change_message": ""}}, {"model": "admin.logentry", "pk": 8, "fields": {"action_time": "2025-03-14T05:10:20.850Z", "user": 1, "content_type": 3, "object_id": "16", "object_repr": "/static/img/products/ROG_Strix_SCAR_18_2025_G835_7.webp", "action_flag": 3, "change_message": ""}}, {"model": "admin.logentry", "pk": 9, "fields": {"action_time": "2025-03-14T05:10:20.850Z", "user": 1, "content_type": 3, "object_id": "15", "object_repr": "/static/img/products/ROG_Strix_SCAR_18_2025_G835_6.webp", "action_flag": 3, "change_message": ""}}, {"model": "admin.logentry", "pk": 10, "fields": {"action_time": "2025-03-14T05:10:20.850Z", "user": 1, "content_type": 3, "object_id": "14", "object_repr": "/static/img/products/ROG_Strix_SCAR_18_2025_G835_5.webp", "action_flag": 3, "change_message": ""}}, {"model": "admin.logentry", "pk": 11, "fields": {"action_time": "2025-03-14T05:10:20.850Z", "user": 1, "content_type": 3, "object_id": "13", "object_repr": "/static/img/products/ROG_Strix_SCAR_18_2025_G835_4.webp", "action_flag": 3, "change_message": ""}}, {"model": "admin.logentry", "pk": 12, "fields": {"action_time": "2025-03-14T05:10:20.850Z", "user": 1, "content_type": 3, "object_id": "12", "object_repr": "/static/img/products/ROG_Strix_SCAR_18_2025_G835_3.webp", "action_flag": 3, "change_message": ""}}, {"model": "admin.logentry", "pk": 13, "fields": {"action_time": "2025-03-14T05:10:20.850Z", "user": 1, "content_type": 3, "object_id": "11", "object_repr": "/static/img/products/ROG_Strix_SCAR_18_2025_G835_2.webp", "action_flag": 3, "change_message": ""}}, {"model": "admin.logentry", "pk": 14, "fields": {"action_time": "2025-03-14T05:10:20.850Z", "user": 1, "content_type": 3, "object_id": "10", "object_repr": "/static/img/products/ROG_Zephyrus_G14_2025__GA403_white_3.webp", "action_flag": 3, "change_message": ""}}, {"model": "admin.logentry", "pk": 15, "fields": {"action_time": "2025-03-14T05:10:20.850Z", "user": 1, "content_type": 3, "object_id": "9", "object_repr": "/static/img/products/ROG_Zephyrus_G14_2025__GA403_white_2.webp", "action_flag": 3, "change_message": ""}}, {"model": "admin.logentry", "pk": 16, "fields": {"action_time": "2025-03-14T05:10:20.850Z", "user": 1, "content_type": 3, "object_id": "6", "object_repr": "/static/img/products/ROG_Zephyrus_G14_2025__GA403_3.webp", "action_flag": 3, "change_message": ""}}, {"model": "admin.logentry", "pk": 17, "fields": {"action_time": "2025-03-14T05:10:20.850Z", "user": 1, "content_type": 3, "object_id": "5", "object_repr": "/static/img/products/ROG_Zephyrus_G14_2025__GA403_2.webp", "action_flag": 3, "change_message": ""}}, {"model": "admin.logentry", "pk": 18, "fields": {"action_time": "2025-03-14T05:10:20.850Z", "user": 1, "content_type": 3, "object_id": "4", "object_repr": "/static/img/products/ROG_Flow_Z13_2025_GZ302_4.webp", "action_flag": 3, "change_message": ""}}, {"model": "admin.logentry", "pk": 19, "fields": {"action_time": "2025-03-14T05:10:20.850Z", "user": 1, "content_type": 3, "object_id": "3", "object_repr": "/static/img/products/ROG_Flow_Z13_2025_GZ302_3.webp", "action_flag": 3, "change_message": ""}}, {"model": "admin.logentry", "pk": 20, "fields": {"action_time": "2025-03-14T05:10:20.850Z", "user": 1, "content_type": 3, "object_id": "2", "object_repr": "/static/img/products/ROG_Flow_Z13_2025_GZ302_2.webp", "action_flag": 3, "change_message": ""}}, {"model": "admin.logentry", "pk": 21, "fields": {"action_time": "2025-03-14T05:10:20.850Z", "user": 1, "content_type": 3, "object_id": "1", "object_repr": "/static/img/products/ROG_Flow_Z13_2025_GZ302_1.webp", "action_flag": 3, "change_message": ""}}, {"model": "admin.logentry", "pk": 22, "fields": {"action_time": "2025-03-14T05:10:28.701Z", "user": 1, "content_type": 7, "object_id": "4", "object_repr": "ROG Strix SCAR 18 (2025) G835", "action_flag": 3, "change_message": ""}}, {"model": "admin.logentry", "pk": 23, "fields": {"action_time": "2025-03-14T05:10:28.701Z", "user": 1, "content_type": 7, "object_id": "3", "object_repr": "ROG Zephyrus G14 (2025) GA403 White", "action_flag": 3, "change_message": ""}}, {"model": "admin.logentry", "pk": 24, "fields": {"action_time": "2025-03-14T05:10:28.701Z", "user": 1, "content_type": 7, "object_id": "2", "object_repr": "ROG Zephyrus G14 (2025) GA403", "action_flag": 3, "change_message": ""}}, {"model": "admin.logentry", "pk": 25, "fields": {"action_time": "2025-03-14T05:10:28.701Z", "user": 1, "content_type": 7, "object_id": "1", "object_repr": "ROG Flow Z13 (2025) GZ302", "action_flag": 3, "change_message": ""}}, {"model": "admin.logentry", "pk": 26, "fields": {"action_time": "2025-03-14T05:12:36.563Z", "user": 1, "content_type": 3, "object_id": "24", "object_repr": "/static/img/products/ROG_Flow_Z13_2025_GZ302_1_LjB6V4O.webp", "action_flag": 1, "change_message": "[{\"added\": {}}]"}}, {"model": "admin.logentry", "pk": 27, "fields": {"action_time": "2025-03-14T05:12:40.737Z", "user": 1, "content_type": 3, "object_id": "25", "object_repr": "/static/img/products/ROG_Flow_Z13_2025_GZ302_2_Q0UcJTw.webp", "action_flag": 1, "change_message": "[{\"added\": {}}]"}}, {"model": "admin.logentry", "pk": 28, "fields": {"action_time": "2025-03-14T05:12:45.260Z", "user": 1, "content_type": 3, "object_id": "26", "object_repr": "/static/img/products/ROG_Flow_Z13_2025_GZ302_3_XDKAKM8.webp", "action_flag": 1, "change_message": "[{\"added\": {}}]"}}, {"model": "admin.logentry", "pk": 29, "fields": {"action_time": "2025-03-14T05:12:49.447Z", "user": 1, "content_type": 3, "object_id": "27", "object_repr": "/static/img/products/ROG_Flow_Z13_2025_GZ302_4_EZVj8a8.webp", "action_flag": 1, "change_message": "[{\"added\": {}}]"}}, {"model": "admin.logentry", "pk": 30, "fields": {"action_time": "2025-03-14T05:12:53.176Z", "user": 1, "content_type": 3, "object_id": "28", "object_repr": "/static/img/products/ROG_Strix_SCAR_18_2025_G835_2_m65XhbU.webp", "action_flag": 1, "change_message": "[{\"added\": {}}]"}}, {"model": "admin.logentry", "pk": 31, "fields": {"action_time": "2025-03-14T05:12:57.948Z", "user": 1, "content_type": 3, "object_id": "29", "object_repr": "/static/img/products/ROG_Strix_SCAR_18_2025_G835_3_0RD8n3R.webp", "action_flag": 1, "change_message": "[{\"added\": {}}]"}}, {"model": "admin.logentry", "pk": 32, "fields": {"action_time": "2025-03-14T05:13:03.164Z", "user": 1, "content_type": 3, "object_id": "30", "object_repr": "/static/img/products/ROG_Strix_SCAR_18_2025_G835_4_cLxEuo8.webp", "action_flag": 1, "change_message": "[{\"added\": {}}]"}}, {"model": "admin.logentry", "pk": 33, "fields": {"action_time": "2025-03-14T05:13:07.341Z", "user": 1, "content_type": 3, "object_id": "31", "object_repr": "/static/img/products/ROG_Strix_SCAR_18_2025_G835_5_79ibGo6.webp", "action_flag": 1, "change_message": "[{\"added\": {}}]"}}, {"model": "admin.logentry", "pk": 34, "fields": {"action_time": "2025-03-14T05:13:11.966Z", "user": 1, "content_type": 3, "object_id": "32", "object_repr": "/static/img/products/ROG_Strix_SCAR_18_2025_G835_6_wByBe56.webp", "action_flag": 1, "change_message": "[{\"added\": {}}]"}}, {"model": "admin.logentry", "pk": 35, "fields": {"action_time": "2025-03-14T05:13:17.494Z", "user": 1, "content_type": 3, "object_id": "33", "object_repr": "/static/img/products/ROG_Strix_SCAR_18_2025_G835_7_i6yBnlV.webp", "action_flag": 1, "change_message": "[{\"added\": {}}]"}}, {"model": "admin.logentry", "pk": 36, "fields": {"action_time": "2025-03-14T05:13:40.085Z", "user": 1, "content_type": 3, "object_id": "33", "object_repr": "/static/img/products/ROG_Strix_SCAR_18_2025_G835_7_i6yBnlV.webp", "action_flag": 3, "change_message": ""}}, {"model": "admin.logentry", "pk": 37, "fields": {"action_time": "2025-03-14T05:13:40.085Z", "user": 1, "content_type": 3, "object_id": "32", "object_repr": "/static/img/products/ROG_Strix_SCAR_18_2025_G835_6_wByBe56.webp", "action_flag": 3, "change_message": ""}}, {"model": "admin.logentry", "pk": 38, "fields": {"action_time": "2025-03-14T05:13:40.085Z", "user": 1, "content_type": 3, "object_id": "31", "object_repr": "/static/img/products/ROG_Strix_SCAR_18_2025_G835_5_79ibGo6.webp", "action_flag": 3, "change_message": ""}}, {"model": "admin.logentry", "pk": 39, "fields": {"action_time": "2025-03-14T05:13:40.085Z", "user": 1, "content_type": 3, "object_id": "30", "object_repr": "/static/img/products/ROG_Strix_SCAR_18_2025_G835_4_cLxEuo8.webp", "action_flag": 3, "change_message": ""}}, {"model": "admin.logentry", "pk": 40, "fields": {"action_time": "2025-03-14T05:13:40.085Z", "user": 1, "content_type": 3, "object_id": "29", "object_repr": "/static/img/products/ROG_Strix_SCAR_18_2025_G835_3_0RD8n3R.webp", "action_flag": 3, "change_message": ""}}, {"model": "admin.logentry", "pk": 41, "fields": {"action_time": "2025-03-14T05:13:40.085Z", "user": 1, "content_type": 3, "object_id": "28", "object_repr": "/static/img/products/ROG_Strix_SCAR_18_2025_G835_2_m65XhbU.webp", "action_flag": 3, "change_message": ""}}, {"model": "admin.logentry", "pk": 42, "fields": {"action_time": "2025-03-14T05:13:40.085Z", "user": 1, "content_type": 3, "object_id": "27", "object_repr": "/static/img/products/ROG_Flow_Z13_2025_GZ302_4_EZVj8a8.webp", "action_flag": 3, "change_message": ""}}, {"model": "admin.logentry", "pk": 43, "fields": {"action_time": "2025-03-14T05:13:40.085Z", "user": 1, "content_type": 3, "object_id": "26", "object_repr": "/static/img/products/ROG_Flow_Z13_2025_GZ302_3_XDKAKM8.webp", "action_flag": 3, "change_message": ""}}, {"model": "admin.logentry", "pk": 44, "fields": {"action_time": "2025-03-14T05:13:40.085Z", "user": 1, "content_type": 3, "object_id": "25", "object_repr": "/static/img/products/ROG_Flow_Z13_2025_GZ302_2_Q0UcJTw.webp", "action_flag": 3, "change_message": ""}}, {"model": "admin.logentry", "pk": 45, "fields": {"action_time": "2025-03-14T05:13:40.085Z", "user": 1, "content_type": 3, "object_id": "24", "object_repr": "/static/img/products/ROG_Flow_Z13_2025_GZ302_1_LjB6V4O.webp", "action_flag": 3, "change_message": ""}}, {"model": "admin.logentry", "pk": 46, "fields": {"action_time": "2025-03-14T05:14:04.277Z", "user": 1, "content_type": 3, "object_id": "34", "object_repr": "/static/img/products/AIRism_Cotton_Crew_Neck_TShirt_2.png", "action_flag": 1, "change_message": "[{\"added\": {}}]"}}, {"model": "admin.logentry", "pk": 47, "fields": {"action_time": "2025-03-14T05:14:07.469Z", "user": 1, "content_type": 3, "object_id": "35", "object_repr": "/static/img/products/AIRism_Cotton_Crew_Neck_TShirt_3.png", "action_flag": 1, "change_message": "[{\"added\": {}}]"}}, {"model": "admin.logentry", "pk": 48, "fields": {"action_time": "2025-03-14T05:14:11.675Z", "user": 1, "content_type": 3, "object_id": "36", "object_repr": "/static/img/products/AIRism_Cotton_Crew_Neck_TShirt_Striped_2.png", "action_flag": 1, "change_message": "[{\"added\": {}}]"}}, {"model": "admin.logentry", "pk": 49, "fields": {"action_time": "2025-03-14T05:14:16.153Z", "user": 1, "content_type": 3, "object_id": "37", "object_repr": "/static/img/products/Dry_Color_Crew_Neck_Tshirt_2.png", "action_flag": 1, "change_message": "[{\"added\": {}}]"}}, {"model": "admin.logentry", "pk": 50, "fields": {"action_time": "2025-03-14T05:14:19.902Z", "user": 1, "content_type": 3, "object_id": "38", "object_repr": "/static/img/products/Dry_Color_Crew_Neck_Tshirt_3.png", "action_flag": 1, "change_message": "[{\"added\": {}}]"}}, {"model": "admin.logentry", "pk": 51, "fields": {"action_time": "2025-03-14T05:14:26.390Z", "user": 1, "content_type": 3, "object_id": "39", "object_repr": "/static/img/products/ROG_Flow_Z13_2025_GZ302_1.webp", "action_flag": 1, "change_message": "[{\"added\": {}}]"}}, {"model": "admin.logentry", "pk": 52, "fields": {"action_time": "2025-03-14T05:14:32.129Z", "user": 1, "content_type": 3, "object_id": "40", "object_repr": "/static/img/products/ROG_Flow_Z13_2025_GZ302_2.webp", "action_flag": 1, "change_message": "[{\"added\": {}}]"}}, {"model": "admin.logentry", "pk": 53, "fields": {"action_time": "2025-03-14T05:14:38.011Z", "user": 1, "content_type": 3, "object_id": "41", "object_repr": "/static/img/products/ROG_Flow_Z13_2025_GZ302_3.webp", "action_flag": 1, "change_message": "[{\"added\": {}}]"}}, {"model": "admin.logentry", "pk": 54, "fields": {"action_time": "2025-03-14T05:14:41.112Z", "user": 1, "content_type": 3, "object_id": "42", "object_repr": "/static/img/products/ROG_Flow_Z13_2025_GZ302_4.webp", "action_flag": 1, "change_message": "[{\"added\": {}}]"}}, {"model": "admin.logentry", "pk": 55, "fields": {"action_time": "2025-03-14T05:14:45.589Z", "user": 1, "content_type": 3, "object_id": "43", "object_repr": "/static/img/products/ROG_Strix_SCAR_18_2025_G835_2.webp", "action_flag": 1, "change_message": "[{\"added\": {}}]"}}, {"model": "admin.logentry", "pk": 56, "fields": {"action_time": "2025-03-14T05:14:49.183Z", "user": 1, "content_type": 3, "object_id": "44", "object_repr": "/static/img/products/ROG_Strix_SCAR_18_2025_G835_3.webp", "action_flag": 1, "change_message": "[{\"added\": {}}]"}}, {"model": "admin.logentry", "pk": 57, "fields": {"action_time": "2025-03-14T05:14:54.928Z", "user": 1, "content_type": 3, "object_id": "45", "object_repr": "/static/img/products/ROG_Strix_SCAR_18_2025_G835_4.webp", "action_flag": 1, "change_message": "[{\"added\": {}}]"}}, {"model": "admin.logentry", "pk": 58, "fields": {"action_time": "2025-03-14T05:14:58.781Z", "user": 1, "content_type": 3, "object_id": "46", "object_repr": "/static/img/products/ROG_Strix_SCAR_18_2025_G835_5.webp", "action_flag": 1, "change_message": "[{\"added\": {}}]"}}, {"model": "admin.logentry", "pk": 59, "fields": {"action_time": "2025-03-14T05:15:03.345Z", "user": 1, "content_type": 3, "object_id": "47", "object_repr": "/static/img/products/ROG_Strix_SCAR_18_2025_G835_6.webp", "action_flag": 1, "change_message": "[{\"added\": {}}]"}}, {"model": "admin.logentry", "pk": 60, "fields": {"action_time": "2025-03-14T05:15:07.085Z", "user": 1, "content_type": 3, "object_id": "48", "object_repr": "/static/img/products/ROG_Strix_SCAR_18_2025_G835_7.webp", "action_flag": 1, "change_message": "[{\"added\": {}}]"}}, {"model": "admin.logentry", "pk": 61, "fields": {"action_time": "2025-03-14T05:15:11.686Z", "user": 1, "content_type": 3, "object_id": "49", "object_repr": "/static/img/products/ROG_Zephyrus_G14_2025__GA403_2.webp", "action_flag": 1, "change_message": "[{\"added\": {}}]"}}, {"model": "admin.logentry", "pk": 62, "fields": {"action_time": "2025-03-14T05:15:16.090Z", "user": 1, "content_type": 3, "object_id": "50", "object_repr": "/static/img/products/ROG_Zephyrus_G14_2025__GA403_3.webp", "action_flag": 1, "change_message": "[{\"added\": {}}]"}}, {"model": "admin.logentry", "pk": 63, "fields": {"action_time": "2025-03-14T05:15:19.940Z", "user": 1, "content_type": 3, "object_id": "51", "object_repr": "/static/img/products/ROG_Zephyrus_G14_2025__GA403_white_2.webp", "action_flag": 1, "change_message": "[{\"added\": {}}]"}}, {"model": "admin.logentry", "pk": 64, "fields": {"action_time": "2025-03-14T05:15:23.680Z", "user": 1, "content_type": 3, "object_id": "52", "object_repr": "/static/img/products/ROG_Zephyrus_G14_2025__GA403_white_3.webp", "action_flag": 1, "change_message": "[{\"added\": {}}]"}}, {"model": "admin.logentry", "pk": 65, "fields": {"action_time": "2025-03-14T05:15:33.584Z", "user": 1, "content_type": 3, "object_id": "53", "object_repr": "/static/img/products/ThinkPad_X1_Carbon_Gen_12_2.webp", "action_flag": 1, "change_message": "[{\"added\": {}}]"}}, {"model": "admin.logentry", "pk": 66, "fields": {"action_time": "2025-03-14T05:15:40.223Z", "user": 1, "content_type": 3, "object_id": "54", "object_repr": "/static/img/products/ThinkPad_X1_Carbon_Gen_12_3.webp", "action_flag": 1, "change_message": "[{\"added\": {}}]"}}, {"model": "admin.logentry", "pk": 67, "fields": {"action_time": "2025-03-14T05:17:54.829Z", "user": 1, "content_type": 7, "object_id": "5", "object_repr": "AIRism Cotton Crew Neck T-Shirt", "action_flag": 1, "change_message": "[{\"added\": {}}]"}}, {"model": "admin.logentry", "pk": 68, "fields": {"action_time": "2025-03-14T05:18:11.817Z", "user": 1, "content_type": 2, "object_id": "2", "object_repr": "Cloth", "action_flag": 2, "change_message": "[{\"changed\": {\"fields\": [\"Detail field\"]}}]"}}, {"model": "admin.logentry", "pk": 69, "fields": {"action_time": "2025-03-14T05:19:48.318Z", "user": 1, "content_type": 7, "object_id": "6", "object_repr": "AIRism Cotton Crew Neck T-Shirt Striped", "action_flag": 1, "change_message": "[{\"added\": {}}]"}}, {"model": "admin.logentry", "pk": 70, "fields": {"action_time": "2025-03-14T05:20:45.092Z", "user": 1, "content_type": 7, "object_id": "7", "object_repr": "Dry Color Crew Neck T-shirt", "action_flag": 1, "change_message": "[{\"added\": {}}]"}}, {"model": "admin.logentry", "pk": 71, "fields": {"action_time": "2025-03-14T05:22:41.490Z", "user": 1, "content_type": 7, "object_id": "8", "object_repr": "U AIRism Cotton Oversized Crew Neck T-Shirt Half Sleeve", "action_flag": 1, "change_message": "[{\"added\": {}}]"}}, {"model": "admin.logentry", "pk": 72, "fields": {"action_time": "2025-03-14T05:23:37.034Z", "user": 1, "content_type": 2, "object_id": "1", "object_repr": "Laptop", "action_flag": 2, "change_message": "[{\"changed\": {\"fields\": [\"Description\"]}}]"}}, {"model": "admin.logentry", "pk": 73, "fields": {"action_time": "2025-03-14T05:23:47.769Z", "user": 1, "content_type": 2, "object_id": "1", "object_repr": "Laptop", "action_flag": 2, "change_message": "[{\"changed\": {\"fields\": [\"Description\"]}}]"}}, {"model": "admin.logentry", "pk": 74, "fields": {"action_time": "2025-03-14T05:27:34.980Z", "user": 1, "content_type": 7, "object_id": "9", "object_repr": "IdeaPad Pro 5i (14, Gen 9)", "action_flag": 1, "change_message": "[{\"added\": {}}]"}}, {"model": "admin.logentry", "pk": 75, "fields": {"action_time": "2025-03-14T05:29:43.767Z", "user": 1, "content_type": 7, "object_id": "10", "object_repr": "Legion 7i (16, Gen 9)", "action_flag": 1, "change_message": "[{\"added\": {}}]"}}, {"model": "admin.logentry", "pk": 76, "fields": {"action_time": "2025-03-14T05:34:01.861Z", "user": 1, "content_type": 7, "object_id": "11", "object_repr": "ROG Flow Z13 (2025) GZ302  GZ302EA-RU087WA", "action_flag": 1, "change_message": "[{\"added\": {}}]"}}, {"model": "admin.logentry", "pk": 77, "fields": {"action_time": "2025-03-14T05:40:23.567Z", "user": 1, "content_type": 7, "object_id": "12", "object_repr": "ROG Strix SCAR 18 (2025) G835", "action_flag": 1, "change_message": "[{\"added\": {}}]"}}, {"model": "admin.logentry", "pk": 78, "fields": {"action_time": "2025-03-14T05:44:00.573Z", "user": 1, "content_type": 7, "object_id": "13", "object_repr": "ROG Zephyrus G14 (2025) GA403UP", "action_flag": 1, "change_message": "[{\"added\": {}}]"}}, {"model": "admin.logentry", "pk": 79, "fields": {"action_time": "2025-03-14T05:45:56.001Z", "user": 1, "content_type": 7, "object_id": "14", "object_repr": "ROG Zephyrus G14 (2025) GA403 White", "action_flag": 1, "change_message": "[{\"added\": {}}]"}}, {"model": "admin.logentry", "pk": 80, "fields": {"action_time": "2025-03-14T05:48:35.121Z", "user": 1, "content_type": 7, "object_id": "15", "object_repr": "ThinkPad T490s 14", "action_flag": 1, "change_message": "[{\"added\": {}}]"}}, {"model": "admin.logentry", "pk": 81, "fields": {"action_time": "2025-03-14T05:50:53.756Z", "user": 1, "content_type": 7, "object_id": "16", "object_repr": "ThinkPad X1 Carbon Gen 12", "action_flag": 1, "change_message": "[{\"added\": {}}]"}}, {"model": "admin.logentry", "pk": 82, "fields": {"action_time": "2025-03-14T05:52:58.906Z", "user": 1, "content_type": 7, "object_id": "17", "object_repr": "ThinkPad X9 15 Aura Edition (15 Intel)", "action_flag": 1, "change_message": "[{\"added\": {}}]"}}, {"model": "admin.logentry", "pk": 83, "fields": {"action_time": "2025-03-14T05:55:17.691Z", "user": 1, "content_type": 7, "object_id": "18", "object_repr": "Yoga 9i 2in1 Aura Edition (14, Gen 10)", "action_flag": 1, "change_message": "[{\"added\": {}}]"}}, {"model": "admin.logentry", "pk": 84, "fields": {"action_time": "2025-03-14T05:57:12.610Z", "user": 1, "content_type": 7, "object_id": "19", "object_repr": "Yoga Slim 7i Aura Edition (15, Gen 9)", "action_flag": 1, "change_message": "[{\"added\": {}}]"}}, {"model": "admin.logentry", "pk": 85, "fields": {"action_time": "2025-03-14T05:58:55.723Z", "user": 1, "content_type": 7, "object_id": "20", "object_repr": "Yoga Slim 7i Aura Edition (14, Gen 10)", "action_flag": 1, "change_message": "[{\"added\": {}}]"}}, {"model": "admin.logentry", "pk": 86, "fields": {"action_time": "2025-03-14T05:59:29.239Z", "user": 1, "content_type": 7, "object_id": "13", "object_repr": "ROG Zephyrus G14 (2025) GA403UP", "action_flag": 2, "change_message": "[{\"changed\": {\"fields\": [\"Carousel\"]}}]"}}, {"model": "admin.logentry", "pk": 87, "fields": {"action_time": "2025-03-14T06:00:21.394Z", "user": 1, "content_type": 2, "object_id": "1", "object_repr": "Laptop", "action_flag": 2, "change_message": "[{\"changed\": {\"fields\": [\"Detail field\"]}}]"}}, {"model": "admin.logentry", "pk": 88, "fields": {"action_time": "2025-03-14T06:02:20.644Z", "user": 1, "content_type": 2, "object_id": "1", "object_repr": "Laptop", "action_flag": 2, "change_message": "[{\"changed\": {\"fields\": [\"Filter field\"]}}]"}}, {"model": "admin.logentry", "pk": 89, "fields": {"action_time": "2025-03-14T06:02:36.069Z", "user": 1, "content_type": 2, "object_id": "1", "object_repr": "Laptop", "action_flag": 2, "change_message": "[{\"changed\": {\"fields\": [\"Filter field\"]}}]"}}, {"model": "auth.permission", "pk": 1, "fields": {"name": "Can add brand", "content_type": 1, "codename": "add_brand"}}, {"model": "auth.permission", "pk": 2, "fields": {"name": "Can change brand", "content_type": 1, "codename": "change_brand"}}, {"model": "auth.permission", "pk": 3, "fields": {"name": "Can delete brand", "content_type": 1, "codename": "delete_brand"}}, {"model": "auth.permission", "pk": 4, "fields": {"name": "Can view brand", "content_type": 1, "codename": "view_brand"}}, {"model": "auth.permission", "pk": 5, "fields": {"name": "Can add category", "content_type": 2, "codename": "add_category"}}, {"model": "auth.permission", "pk": 6, "fields": {"name": "Can change category", "content_type": 2, "codename": "change_category"}}, {"model": "auth.permission", "pk": 7, "fields": {"name": "Can delete category", "content_type": 2, "codename": "delete_category"}}, {"model": "auth.permission", "pk": 8, "fields": {"name": "Can view category", "content_type": 2, "codename": "view_category"}}, {"model": "auth.permission", "pk": 9, "fields": {"name": "Can add product carousel", "content_type": 3, "codename": "add_productcarousel"}}, {"model": "auth.permission", "pk": 10, "fields": {"name": "Can change product carousel", "content_type": 3, "codename": "change_productcarousel"}}, {"model": "auth.permission", "pk": 11, "fields": {"name": "Can delete product carousel", "content_type": 3, "codename": "delete_productcarousel"}}, {"model": "auth.permission", "pk": 12, "fields": {"name": "Can view product carousel", "content_type": 3, "codename": "view_productcarousel"}}, {"model": "auth.permission", "pk": 13, "fields": {"name": "Can add cart", "content_type": 4, "codename": "add_cart"}}, {"model": "auth.permission", "pk": 14, "fields": {"name": "Can change cart", "content_type": 4, "codename": "change_cart"}}, {"model": "auth.permission", "pk": 15, "fields": {"name": "Can delete cart", "content_type": 4, "codename": "delete_cart"}}, {"model": "auth.permission", "pk": 16, "fields": {"name": "Can view cart", "content_type": 4, "codename": "view_cart"}}, {"model": "auth.permission", "pk": 17, "fields": {"name": "Can add checkout order", "content_type": 5, "codename": "add_checkoutorder"}}, {"model": "auth.permission", "pk": 18, "fields": {"name": "Can change checkout order", "content_type": 5, "codename": "change_checkoutorder"}}, {"model": "auth.permission", "pk": 19, "fields": {"name": "Can delete checkout order", "content_type": 5, "codename": "delete_checkoutorder"}}, {"model": "auth.permission", "pk": 20, "fields": {"name": "Can view checkout order", "content_type": 5, "codename": "view_checkoutorder"}}, {"model": "auth.permission", "pk": 21, "fields": {"name": "Can add order product", "content_type": 6, "codename": "add_orderproduct"}}, {"model": "auth.permission", "pk": 22, "fields": {"name": "Can change order product", "content_type": 6, "codename": "change_orderproduct"}}, {"model": "auth.permission", "pk": 23, "fields": {"name": "Can delete order product", "content_type": 6, "codename": "delete_orderproduct"}}, {"model": "auth.permission", "pk": 24, "fields": {"name": "Can view order product", "content_type": 6, "codename": "view_orderproduct"}}, {"model": "auth.permission", "pk": 25, "fields": {"name": "Can add product", "content_type": 7, "codename": "add_product"}}, {"model": "auth.permission", "pk": 26, "fields": {"name": "Can change product", "content_type": 7, "codename": "change_product"}}, {"model": "auth.permission", "pk": 27, "fields": {"name": "Can delete product", "content_type": 7, "codename": "delete_product"}}, {"model": "auth.permission", "pk": 28, "fields": {"name": "Can view product", "content_type": 7, "codename": "view_product"}}, {"model": "auth.permission", "pk": 29, "fields": {"name": "Can add user review", "content_type": 8, "codename": "add_userreview"}}, {"model": "auth.permission", "pk": 30, "fields": {"name": "Can change user review", "content_type": 8, "codename": "change_userreview"}}, {"model": "auth.permission", "pk": 31, "fields": {"name": "Can delete user review", "content_type": 8, "codename": "delete_userreview"}}, {"model": "auth.permission", "pk": 32, "fields": {"name": "Can view user review", "content_type": 8, "codename": "view_userreview"}}, {"model": "auth.permission", "pk": 33, "fields": {"name": "Can add Guest", "content_type": 9, "codename": "add_guest"}}, {"model": "auth.permission", "pk": 34, "fields": {"name": "Can change Guest", "content_type": 9, "codename": "change_guest"}}, {"model": "auth.permission", "pk": 35, "fields": {"name": "Can delete Guest", "content_type": 9, "codename": "delete_guest"}}, {"model": "auth.permission", "pk": 36, "fields": {"name": "Can view Guest", "content_type": 9, "codename": "view_guest"}}, {"model": "auth.permission", "pk": 37, "fields": {"name": "Can add email address", "content_type": 10, "codename": "add_emailaddress"}}, {"model": "auth.permission", "pk": 38, "fields": {"name": "Can change email address", "content_type": 10, "codename": "change_emailaddress"}}, {"model": "auth.permission", "pk": 39, "fields": {"name": "Can delete email address", "content_type": 10, "codename": "delete_emailaddress"}}, {"model": "auth.permission", "pk": 40, "fields": {"name": "Can view email address", "content_type": 10, "codename": "view_emailaddress"}}, {"model": "auth.permission", "pk": 41, "fields": {"name": "Can add email confirmation", "content_type": 11, "codename": "add_emailconfirmation"}}, {"model": "auth.permission", "pk": 42, "fields": {"name": "Can change email confirmation", "content_type": 11, "codename": "change_emailconfirmation"}}, {"model": "auth.permission", "pk": 43, "fields": {"name": "Can delete email confirmation", "content_type": 11, "codename": "delete_emailconfirmation"}}, {"model": "auth.permission", "pk": 44, "fields": {"name": "Can view email confirmation", "content_type": 11, "codename": "view_emailconfirmation"}}, {"model": "auth.permission", "pk": 45, "fields": {"name": "Can add social account", "content_type": 12, "codename": "add_socialaccount"}}, {"model": "auth.permission", "pk": 46, "fields": {"name": "Can change social account", "content_type": 12, "codename": "change_socialaccount"}}, {"model": "auth.permission", "pk": 47, "fields": {"name": "Can delete social account", "content_type": 12, "codename": "delete_socialaccount"}}, {"model": "auth.permission", "pk": 48, "fields": {"name": "Can view social account", "content_type": 12, "codename": "view_socialaccount"}}, {"model": "auth.permission", "pk": 49, "fields": {"name": "Can add social application", "content_type": 13, "codename": "add_socialapp"}}, {"model": "auth.permission", "pk": 50, "fields": {"name": "Can change social application", "content_type": 13, "codename": "change_socialapp"}}, {"model": "auth.permission", "pk": 51, "fields": {"name": "Can delete social application", "content_type": 13, "codename": "delete_socialapp"}}, {"model": "auth.permission", "pk": 52, "fields": {"name": "Can view social application", "content_type": 13, "codename": "view_socialapp"}}, {"model": "auth.permission", "pk": 53, "fields": {"name": "Can add social application token", "content_type": 14, "codename": "add_socialtoken"}}, {"model": "auth.permission", "pk": 54, "fields": {"name": "Can change social application token", "content_type": 14, "codename": "change_socialtoken"}}, {"model": "auth.permission", "pk": 55, "fields": {"name": "Can delete social application token", "content_type": 14, "codename": "delete_socialtoken"}}, {"model": "auth.permission", "pk": 56, "fields": {"name": "Can view social application token", "content_type": 14, "codename": "view_socialtoken"}}, {"model": "auth.permission", "pk": 57, "fields": {"name": "Can add log entry", "content_type": 15, "codename": "add_logentry"}}, {"model": "auth.permission", "pk": 58, "fields": {"name": "Can change log entry", "content_type": 15, "codename": "change_logentry"}}, {"model": "auth.permission", "pk": 59, "fields": {"name": "Can delete log entry", "content_type": 15, "codename": "delete_logentry"}}, {"model": "auth.permission", "pk": 60, "fields": {"name": "Can view log entry", "content_type": 15, "codename": "view_logentry"}}, {"model": "auth.permission", "pk": 61, "fields": {"name": "Can add permission", "content_type": 16, "codename": "add_permission"}}, {"model": "auth.permission", "pk": 62, "fields": {"name": "Can change permission", "content_type": 16, "codename": "change_permission"}}, {"model": "auth.permission", "pk": 63, "fields": {"name": "Can delete permission", "content_type": 16, "codename": "delete_permission"}}, {"model": "auth.permission", "pk": 64, "fields": {"name": "Can view permission", "content_type": 16, "codename": "view_permission"}}, {"model": "auth.permission", "pk": 65, "fields": {"name": "Can add group", "content_type": 17, "codename": "add_group"}}, {"model": "auth.permission", "pk": 66, "fields": {"name": "Can change group", "content_type": 17, "codename": "change_group"}}, {"model": "auth.permission", "pk": 67, "fields": {"name": "Can delete group", "content_type": 17, "codename": "delete_group"}}, {"model": "auth.permission", "pk": 68, "fields": {"name": "Can view group", "content_type": 17, "codename": "view_group"}}, {"model": "auth.permission", "pk": 69, "fields": {"name": "Can add user", "content_type": 18, "codename": "add_user"}}, {"model": "auth.permission", "pk": 70, "fields": {"name": "Can change user", "content_type": 18, "codename": "change_user"}}, {"model": "auth.permission", "pk": 71, "fields": {"name": "Can delete user", "content_type": 18, "codename": "delete_user"}}, {"model": "auth.permission", "pk": 72, "fields": {"name": "Can view user", "content_type": 18, "codename": "view_user"}}, {"model": "auth.permission", "pk": 73, "fields": {"name": "Can add content type", "content_type": 19, "codename": "add_contenttype"}}, {"model": "auth.permission", "pk": 74, "fields": {"name": "Can change content type", "content_type": 19, "codename": "change_contenttype"}}, {"model": "auth.permission", "pk": 75, "fields": {"name": "Can delete content type", "content_type": 19, "codename": "delete_contenttype"}}, {"model": "auth.permission", "pk": 76, "fields": {"name": "Can view content type", "content_type": 19, "codename": "view_contenttype"}}, {"model": "auth.permission", "pk": 77, "fields": {"name": "Can add session", "content_type": 20, "codename": "add_session"}}, {"model": "auth.permission", "pk": 78, "fields": {"name": "Can change session", "content_type": 20, "codename": "change_session"}}, {"model": "auth.permission", "pk": 79, "fields": {"name": "Can delete session", "content_type": 20, "codename": "delete_session"}}, {"model": "auth.permission", "pk": 80, "fields": {"name": "Can view session", "content_type": 20, "codename": "view_session"}}, {"model": "auth.user", "pk": 1, "fields": {"password": "pbkdf2_sha256$870000$AXEWzd5xMtm41gGdQVtese$NK6ggRCXRCCsecGUQfTm4PXvx3n9L9nz8hYPyktxJOY=", "last_login": "2025-03-14T05:08:31.597Z", "is_superuser": true, "username": "admin", "first_name": "", "last_name": "", "email": "admin@example.com", "is_staff": true, "is_active": true, "date_joined": "2025-03-14T05:08:16.731Z", "groups": [], "user_permissions": []}}, {"model": "contenttypes.contenttype", "pk": 1, "fields": {"app_label": "ecommerce", "model": "brand"}}, {"model": "contenttypes.contenttype", "pk": 2, "fields": {"app_label": "ecommerce", "model": "category"}}, {"model": "contenttypes.contenttype", "pk": 3, "fields": {"app_label": "ecommerce", "model": "productcarousel"}}, {"model": "contenttypes.contenttype", "pk": 4, "fields": {"app_label": "ecommerce", "model": "cart"}}, {"model": "contenttypes.contenttype", "pk": 5, "fields": {"app_label": "ecommerce", "model": "checkoutorder"}}, {"model": "contenttypes.contenttype", "pk": 6, "fields": {"app_label": "ecommerce", "model": "orderproduct"}}, {"model": "contenttypes.contenttype", "pk": 7, "fields": {"app_label": "ecommerce", "model": "product"}}, {"model": "contenttypes.contenttype", "pk": 8, "fields": {"app_label": "ecommerce", "model": "userreview"}}, {"model": "contenttypes.contenttype", "pk": 9, "fields": {"app_label": "guest_user", "model": "guest"}}, {"model": "contenttypes.contenttype", "pk": 10, "fields": {"app_label": "account", "model": "emailaddress"}}, {"model": "contenttypes.contenttype", "pk": 11, "fields": {"app_label": "account", "model": "emailconfirmation"}}, {"model": "contenttypes.contenttype", "pk": 12, "fields": {"app_label": "socialaccount", "model": "socialaccount"}}, {"model": "contenttypes.contenttype", "pk": 13, "fields": {"app_label": "socialaccount", "model": "socialapp"}}, {"model": "contenttypes.contenttype", "pk": 14, "fields": {"app_label": "socialaccount", "model": "socialtoken"}}, {"model": "contenttypes.contenttype", "pk": 15, "fields": {"app_label": "admin", "model": "logentry"}}, {"model": "contenttypes.contenttype", "pk": 16, "fields": {"app_label": "auth", "model": "permission"}}, {"model": "contenttypes.contenttype", "pk": 17, "fields": {"app_label": "auth", "model": "group"}}, {"model": "contenttypes.contenttype", "pk": 18, "fields": {"app_label": "auth", "model": "user"}}, {"model": "contenttypes.contenttype", "pk": 19, "fields": {"app_label": "contenttypes", "model": "contenttype"}}, {"model": "contenttypes.contenttype", "pk": 20, "fields": {"app_label": "sessions", "model": "session"}}, {"model": "sessions.session", "pk": "3sxkf5pgebogw9fvq43qz6yunvn6l3yn", "fields": {"session_data": ".eJxVjDkOwjAUBe_iGlleEi-U9JzB-ouNA8iR4qRC3B0ipYD2zcx7iQTbWtPW85ImFmehxel3Q6BHbjvgO7TbLGlu6zKh3BV50C6vM-fn5XD_Dir0-q3BEfBI2jGO2nN0KriirGbvLWjvfC7FsAs0sIoBy2ApIhpLUMjErMT7A-9zOGY:1tsxHb:122fY_azytmZQ0O3af5hbB1outQD7sJp1z_3dvaO-hY", "expire_date": "2025-03-28T05:08:31.607Z"}}]